{"u":"00046455-6603-49ca-95f6-d1dfded4565b","ts":0,"tt":0,"td":0,"nn":"","ks":0,"d":true,"ig":[],"ll":{"w":"world","x":-6182.5165518316235,"y":102.2191807023636,"z":-114.85977336574042,"pi":40.34992,"ya":-26.696947},"g":"default"}