{"u":"0027a737-284a-4189-830d-cb1028d20da5","ts":0,"tt":0,"td":0,"nn":"","ks":0,"d":true,"ig":[],"ll":{"w":"world","x":-88.11289264935039,"y":62.19295345711037,"z":72.09379986131462,"pi":-1.200197,"ya":189.30031},"g":"default"}