{"u":"005b384c-8878-4700-a06e-76580d750632","ts":0,"tt":0,"td":0,"nn":"","ks":0,"d":true,"ig":[],"ll":{"w":"world","x":-99.74191305565103,"y":61.0,"z":64.56154998962305,"pi":9.865727,"ya":346.45398},"g":"default"}