{"u":"00ca8356-baad-440d-aac2-2cfe9779d032","ts":0,"tt":0,"td":0,"nn":"","ks":0,"d":true,"ig":[],"ll":{"w":"world","x":-23.526029421715446,"y":45.0,"z":102.27983511491355,"pi":0.0,"ya":1.8972981},"g":"default"}