{"u":"010c31a0-c960-40da-94a8-0223caa2a866","ts":6,"tt":0,"td":0,"nn":"","ks":0,"d":false,"ig":[],"ll":{"w":"world","x":-422865.22368818696,"y":63.0,"z":-999750.0344582481,"pi":65.85003,"ya":-353.25},"g":null}