{"u":"0136dc44-b9ff-4bdb-baf0-c839ddaed73e","ts":0,"tt":0,"td":0,"nn":"","ks":0,"d":true,"ig":[],"ll":{"w":"world","x":-70.90043680615072,"y":39.62297693649099,"z":49.30000001192092,"pi":15.5889435,"ya":-32.85016},"g":"default"}