{"u":"01d53852-988c-4bab-a5d2-f13478b3e29f","ts":0,"tt":0,"td":0,"nn":"","ks":0,"d":true,"ig":[],"ll":{"w":"world","x":-26.008907735347748,"y":99.02000033855438,"z":64.55340928956866,"pi":-5.0317926,"ya":-46.195538},"g":"default"}