{"u":"01f2376e-3ce6-48fe-8b33-b58e5db77ea8","ts":0,"tt":0,"td":0,"nn":"","ks":0,"d":true,"ig":[],"ll":{"w":"world_the_end","x":228598.53692212506,"y":59.0,"z":-516568.90520917875,"pi":1.7998267,"ya":118.200356},"g":"default"}