{"u":"02ee74de-e1ab-4430-a8bc-360e4bcebe22","ts":0,"tt":0,"td":0,"nn":"","ks":0,"d":true,"ig":[],"ll":{"w":"world","x":55.30000001192093,"y":2.0,"z":-62.69999998807907,"pi":31.044407,"ya":21.2979},"g":"default"}