{"u":"030ef61f-805e-4e79-a385-636c9990f921","ts":0,"tt":0,"td":0,"nn":"","ks":0,"d":true,"ig":[],"ll":{"w":"world","x":-139.34971772570057,"y":64.0,"z":90.9375208787872,"pi":14.399983,"ya":-26.666458},"g":"default"}