{"u":"030ef61f-805e-4e79-a385-636c9990f921","ts":0,"tt":0,"td":0,"nn":"","ks":0,"d":true,"ig":[],"ll":{"w":"world","x":37.47510215147593,"y":66.0,"z":15.834387493115887,"pi":-84.75002,"ya":38.700024},"g":"default"}