{"u":"03aa9f16-7964-44ce-b77c-bdc54b10d677","ts":0,"tt":0,"td":0,"nn":"","ks":0,"d":true,"ig":[],"ll":{"w":"world","x":-95.5,"y":70.0,"z":36.5,"pi":-89.549995,"ya":6.7499986},"g":"default"}