{"u":"03c4d7a4-626c-4b85-85d4-f446cb405bab","ts":0,"tt":0,"td":0,"nn":"","ks":0,"d":true,"ig":[],"ll":{"w":"world","x":-4449.299922702108,"y":25.0,"z":6.745655780960261,"pi":27.925446,"ya":-182.04591},"g":"default"}