{"u":"03ee64b6-4cc3-4d99-8714-1c2f87758b6f","ts":0,"tt":0,"td":0,"nn":"","ks":0,"d":true,"ig":[],"ll":{"w":"world","x":-72.5,"y":43.0,"z":70.5,"pi":-2.9635289,"ya":185.25786},"g":"default"}