{"u":"04befede-b894-4120-aad1-e1bb1678373a","ts":0,"tt":0,"td":0,"nn":"","ks":0,"d":true,"ig":[],"ll":{"w":"world","x":-85.69999998807907,"y":63.05,"z":17.358620411222663,"pi":44.39865,"ya":138.75009},"g":"default"}