{"u":"04ccea2b-c96c-4ce0-801e-49fafbd3fbb0","ts":0,"tt":0,"td":0,"nn":"","ks":0,"d":false,"ig":[],"ll":{"w":"world","x":-51165.65794886767,"y":65.0,"z":-156.91835698660793,"pi":27.678003,"ya":-143.27032},"g":null}