{"u":"051c1d87-6b04-4cfa-b3fc-681c0ee066ba","ts":0,"tt":0,"td":0,"nn":"","ks":0,"d":true,"ig":[],"ll":{"w":"world","x":-64.9755641658087,"y":61.0,"z":30.466805909611878,"pi":9.8098545,"ya":6.6656704},"g":"default"}