{"u":"059ec7a3-9720-43fa-9f57-9eb3ea084eba","ts":0,"tt":0,"td":0,"nn":"","ks":0,"d":true,"ig":[],"ll":{"w":"world","x":-58.595427333910095,"y":61.0,"z":33.430556403366644,"pi":13.172188,"ya":-13.473646},"g":"default"}