{"u":"0757c8b1-2f27-4861-bc6e-e212f74f8425","ts":0,"tt":0,"td":0,"nn":"","ks":0,"d":false,"ig":null,"ll":{"w":"world","x":16456.347679679293,"y":20.0,"z":-21881.8409878574,"pi":12.449996,"ya":27.148804},"g":null}