{"u":"07725e69-2536-48e4-9718-706cce0cd071","ts":0,"tt":0,"td":0,"nn":"","ks":0,"d":true,"ig":[],"ll":{"w":"world","x":-54.03845449270131,"y":56.26104867769568,"z":55.33996922080958,"pi":11.700105,"ya":124.1951},"g":"default"}