{"u":"07ba0f8f-3d6d-4104-abc9-9bb871b17a7e","ts":0,"tt":0,"td":0,"nn":"","ks":0,"d":true,"ig":[],"ll":{"w":"world","x":-59.814374791113345,"y":48.019069205628625,"z":95.69982303371346,"pi":38.71808,"ya":107.460205},"g":"default"}