{"u":"07c5a240-5f26-48f2-9c7b-1ec847398687","ts":0,"tt":0,"td":0,"nn":"","ks":0,"d":true,"ig":[],"ll":{"w":"world_nether","x":823.7890157654491,"y":117.0,"z":-0.500026632672641,"pi":11.088107,"ya":270.0016},"g":"default"}