{"u":"08048bb7-d355-4166-9880-b89bb8e543fd","ts":0,"tt":0,"td":0,"nn":"","ks":0,"d":true,"ig":[],"ll":{"w":"world","x":461.45676267477677,"y":78.57106523051024,"z":790.1704205259002,"pi":18.877134,"ya":-1.0371934},"g":"default"}