{"u":"0838b747-dc3a-4c83-ac5b-7988b90dfda5","ts":0,"tt":0,"td":0,"nn":"","ks":0,"d":true,"ig":[],"ll":{"w":"world","x":-97.74805488397513,"y":49.00383141767691,"z":95.27261389844767,"pi":22.050016,"ya":-2.5507202},"g":"default"}