{"u":"08d38550-3f89-45ae-9007-e378dcbb152a","ts":0,"tt":0,"td":0,"nn":"","ks":0,"d":true,"ig":[],"ll":{"w":"world","x":-86.44687390611739,"y":65.01989999999999,"z":68.30000001192093,"pi":20.250277,"ya":184.05444},"g":"default"}