{"u":"0930fbde-4c4e-47bd-a216-97ab06b1cb23","ts":0,"tt":0,"td":0,"nn":"","ks":0,"d":true,"ig":[],"ll":{"w":"world","x":-695.9105753655457,"y":188.98472377810822,"z":76.58950316219158,"pi":80.25001,"ya":-356.55652},"g":"default"}