{"u":"094c1a79-562d-4c00-add6-01b1af1afd1a","ts":0,"tt":0,"td":0,"nn":"","ks":0,"d":true,"ig":[],"ll":{"w":"world","x":-69.63629963874062,"y":179.17142861821833,"z":96.54843743852265,"pi":76.950005,"ya":-111.150024},"g":"default"}