{"u":"09560ee8-733b-4e18-ab5e-a1756813910a","ts":0,"tt":0,"td":0,"nn":"","ks":0,"d":true,"ig":[],"ll":{"w":"world","x":108.72604842235627,"y":82.53002046361748,"z":-14.951900515988918,"pi":90.0,"ya":39.90479},"g":"default"}