{"u":"09df3638-2e4c-46e5-aa56-af97fc93e5db","ts":0,"tt":0,"td":0,"nn":"","ks":0,"d":true,"ig":[],"ll":{"w":"world","x":35.69999998807907,"y":2.0,"z":-38.69999998807907,"pi":77.53899,"ya":10.020083},"g":"default"}