{"u":"0a351551-9c40-45f2-8834-e32b006bd447","ts":0,"tt":0,"td":0,"nn":"","ks":0,"d":true,"ig":[],"ll":{"w":"world","x":-78.48091742955148,"y":63.0,"z":41.50447204243392,"pi":3.9887605,"ya":0.0},"g":"default"}