{"u":"0a699c3e-7ca9-48ff-b9bb-76365eabb153","ts":0,"tt":0,"td":0,"nn":"","ks":0,"d":true,"ig":[],"ll":{"w":"world","x":-223.48106729425447,"y":61.0,"z":18.04958846887403,"pi":10.325631,"ya":-328.37375},"g":"default"}