{"u":"0be7bb8b-1d26-420a-92cd-f7da31a3d837","ts":0,"tt":0,"td":0,"nn":"","ks":0,"d":false,"ig":[],"ll":{"w":"world","x":229.3066178675583,"y":79.0,"z":263398.4240756454,"pi":80.08936,"ya":-87.100136},"g":null}