{"u":"0c215dbb-d14b-4213-aa6f-4fe3e2d4da68","ts":0,"tt":0,"td":0,"nn":"","ks":0,"d":true,"ig":[],"ll":{"w":"world","x":-390.7628570094577,"y":32.0,"z":-328.67138946041183,"pi":31.818584,"ya":262.1281},"g":"default"}