{"u":"0c9b1087-b4de-4842-9c12-7a5500c7cc8f","ts":0,"tt":0,"td":0,"nn":"","ks":0,"d":false,"ig":null,"ll":{"w":"world_nether","x":12.300000011920929,"y":32.0,"z":-884.6999999880791,"pi":15.749969,"ya":-43.799976},"g":null}