{"u":"0cf35a90-a3ec-487e-b920-a90b5848fd4f","ts":0,"tt":0,"td":0,"nn":"","ks":0,"ig":[],"ll":{"w":"world_nether","x":5.699999988079071,"y":118.0,"z":3.8231158387851902,"pi":-13.306297,"ya":17.277796},"g":"default"}