{"u":"0d165efe-3e02-4a8c-be8d-d1963b8a9c13","ts":0,"tt":0,"td":0,"nn":"","ks":0,"d":true,"ig":[],"ll":{"w":"world","x":-62.40762787778203,"y":59.0,"z":88.23893615671021,"pi":-3.2999997,"ya":-39.17845},"g":"default"}