{"u":"0d486d60-3095-4374-8a99-8b055a09e081","ts":0,"tt":0,"td":0,"nn":"","ks":0,"d":true,"ig":[],"ll":{"w":"world","x":32.30000001192093,"y":64.0,"z":103.75727960478136,"pi":38.89444,"ya":84.98328},"g":"default"}