{"u":"0d5d83dc-2ba8-4a23-a1a5-02e948ca5793","ts":0,"tt":0,"td":0,"nn":"","ks":0,"d":false,"ig":null,"ll":{"w":"world_nether","x":-2.0315212855672238,"y":118.0,"z":-664.4814052066548,"pi":18.449987,"ya":269.70016},"g":null}