{"u":"0f89de45-5249-4233-b715-91ebfe4079a4","ts":0,"tt":0,"td":0,"nn":"","ks":0,"d":true,"ig":[],"ll":{"w":"world","x":2364.2159785376343,"y":68.0,"z":-2866.8179852500984,"pi":8.532273,"ya":46.72247},"g":"default"}