{"u":"104b16d2-3a98-494b-9728-c4522667cf22","ts":0,"tt":0,"td":0,"nn":"","ks":0,"d":false,"ig":[],"ll":{"w":"world","x":-546097.5650877395,"y":136.0,"z":130734.30000001192,"pi":65.49603,"ya":59.48031},"g":null}