{"u":"1154ce40-1a85-420f-8a47-81fa510043bd","ts":0,"tt":0,"td":0,"nn":"","ks":0,"d":true,"ig":[],"ll":{"w":"world","x":101.63908305301015,"y":68.03027288249697,"z":1247.7449449130597,"pi":5.6997113,"ya":-75.75006},"g":"default"}