{"u":"1166c2f6-61f7-4ba6-b277-f0840609e7c6","ts":0,"tt":0,"td":0,"nn":"","ks":0,"d":false,"ig":null,"ll":{"w":"world","x":694.1135005382827,"y":42.0,"z":836.6348845442425,"pi":-40.107124,"ya":-57.133076},"g":null}