{"u":"11863295-bbe8-4130-bb04-893696aecdf1","ts":0,"tt":0,"td":0,"nn":"","ks":0,"d":true,"ig":[],"ll":{"w":"world","x":-87.5173930761752,"y":140.41999998688698,"z":62.68710424179655,"pi":-2.6248808,"ya":-48.049164},"g":"default"}