{"u":"11b1327d-11f9-442b-9636-22c346fb05e2","ts":0,"tt":0,"td":0,"nn":"","ks":0,"d":true,"ig":[],"ll":{"w":"world","x":-75.58174851809665,"y":64.0,"z":39.25725645980441,"pi":12.900029,"ya":241.50005},"g":"default"}