{"u":"11d26fd1-cd43-41be-b4ce-8b57f5f55e17","ts":0,"tt":0,"td":0,"nn":"","ks":0,"d":false,"ig":null,"ll":{"w":"world","x":-68.32538383978921,"y":63.0,"z":60.27438847782477,"pi":-61.350014,"ya":-185.25024},"g":null}