{"u":"134f3321-51f5-4544-a692-488763c77a20","ts":0,"tt":0,"td":0,"nn":"","ks":0,"d":true,"ig":[],"ll":{"w":"world","x":-1284.577463836734,"y":63.10528230423491,"z":45.947279358937294,"pi":25.950005,"ya":132.89276},"g":"default"}