{"u":"1358cb2c-bbf6-499b-ad99-82965b7416e8","ts":0,"tt":0,"td":0,"nn":"","ks":0,"d":true,"ig":[],"ll":{"w":"world","x":-69.69999998807907,"y":60.0,"z":61.30000001192093,"pi":14.550039,"ya":277.34998},"g":"default"}