{"u":"138d38f1-865e-4813-9032-550ab369d3d9","ts":0,"tt":0,"td":0,"nn":"","ks":0,"d":true,"ig":[],"ll":{"w":"world_nether","x":-300.3546963412269,"y":43.0,"z":91.34279149399256,"pi":43.352882,"ya":114.418945},"g":"default"}