{"u":"13b9da1f-a6da-4c26-ae24-96ebca0f9f25","ts":0,"tt":0,"td":0,"nn":"","ks":0,"d":true,"ig":[],"ll":{"w":"world","x":-107.48652600553964,"y":56.67070573469829,"z":6.043959391397802,"pi":40.733334,"ya":-223.91832},"g":"default"}