{"u":"13ef7c06-a306-4144-a054-fe82d663bb1f","ts":0,"tt":0,"td":0,"nn":"","ks":0,"d":false,"ig":[],"ll":{"w":"world","x":-380.89400154963914,"y":62.0,"z":-5.699999988079075,"pi":-10.800399,"ya":96.59766},"g":null}