{"u":"1479be51-c70a-4301-9089-05e60a57d0a9","ts":0,"tt":0,"td":0,"nn":"","ks":0,"d":true,"ig":[],"ll":{"w":"world","x":-27.53987278616643,"y":79.07599997054785,"z":-410.41436082089893,"pi":-90.0,"ya":19.448118},"g":"default"}