{"u":"1491c8ff-8058-42c1-904a-ee830f0bddfb","ts":0,"tt":0,"td":0,"nn":"","ks":0,"d":false,"ig":[],"ll":{"w":"world","x":531.046370794156,"y":76.0,"z":219.53351837785823,"pi":43.99314,"ya":191.05469},"g":null}