{"u":"1501b196-4c0c-4791-85be-6afc643d513f","ts":0,"tt":0,"td":0,"nn":"","ks":0,"d":false,"ig":[],"ll":{"w":"world_nether","x":-8.736031434307208,"y":118.0,"z":-6.298718637150199,"pi":27.60001,"ya":-236.54968},"g":null}