{"u":"155bd281-9211-4042-9923-ab294e392cdd","ts":0,"tt":0,"td":0,"nn":"","ks":0,"d":true,"ig":[],"ll":{"w":"world","x":-135.6915961746188,"y":61.038391288208,"z":17.55448281037394,"pi":25.900658,"ya":-245.0733},"g":"default"}