{"u":"15b825e9-a4cf-412d-9f7c-996b186bdbf6","ts":0,"tt":0,"td":0,"nn":"","ks":0,"d":false,"ig":[],"ll":{"w":"world_nether","x":23.25367996767307,"y":134.0,"z":39.20520338878103,"pi":31.227951,"ya":-54.06577},"g":null}