{"u":"1625d3e9-3e09-4c2e-bf99-902f33d51de5","ts":0,"tt":0,"td":0,"nn":"","ks":0,"d":true,"ig":[],"ll":{"w":"world","x":-48.77011498791011,"y":60.0,"z":60.17219237940267,"pi":7.826458,"ya":-108.649635},"g":"default"}