{"u":"163185e7-f6e4-4921-91d2-884a8ec346cc","ts":0,"tt":0,"td":0,"nn":"","ks":0,"d":false,"ig":[],"ll":{"w":"world","x":731.6999999880791,"y":62.41999998688698,"z":-704.8040445132899,"pi":20.250044,"ya":-57.491264},"g":null}