{"u":"167c5b5c-574e-4352-ab9a-65186f264329","ts":0,"tt":0,"td":0,"nn":"","ks":0,"d":true,"ig":[],"ll":{"w":"world","x":92.21251750261781,"y":40.70058750702532,"z":90.88264462741394,"pi":-3.4500532,"ya":267.19257},"g":"default"}