{"u":"1683ee7a-bf01-4370-8418-7e235f28f738","ts":0,"tt":0,"td":0,"nn":"","ks":0,"d":true,"ig":[],"ll":{"w":"world","x":22.476488537748185,"y":57.30530537575414,"z":140.01350337137706,"pi":16.19131,"ya":140.30911},"g":"default"}