{"u":"17314c75-93e1-45ff-8463-854b5000bf6e","ts":0,"tt":0,"td":0,"nn":"","ks":0,"ig":[],"ll":{"w":"world","x":-89.07333910565858,"y":71.0,"z":41.12897279084998,"pi":22.778873,"ya":49.200016},"g":"default"}