{"u":"17d946e3-d036-4470-a8b4-786af2f62a68","ts":0,"tt":0,"td":0,"nn":"","ks":0,"d":true,"ig":[],"ll":{"w":"world","x":-214.69999998807907,"y":4.0,"z":12.631636348450211,"pi":2.7000768,"ya":84.00033},"g":"default"}