{"u":"189dbe10-ec3d-444d-a6ad-60f40d62f9ae","ts":0,"tt":0,"td":0,"nn":"","ks":0,"d":true,"ig":[],"ll":{"w":"world","x":-819.7493115862368,"y":67.0,"z":970.8002841675855,"pi":58.650017,"ya":149.15814},"g":"default"}