{"u":"18aae927-88cd-46e3-bfc5-b570dfa304a7","ts":4,"tt":0,"td":5,"nn":"","ks":0,"d":false,"ig":[],"ll":{"w":"world","x":163.99045132710475,"y":63.0,"z":-63473.45763045812,"pi":-5.9999275,"ya":199.45554},"g":null}