{"u":"195ca49a-8864-413d-bcae-733c4cb97275","ts":0,"tt":0,"td":0,"nn":"","ks":0,"d":true,"ig":[],"ll":{"w":"world","x":-89.54639973765278,"y":72.0,"z":45.23263758339848,"pi":4.6093335,"ya":0.0},"g":"default"}