{"u":"1962e35a-951c-4099-8632-6145c78ebc7c","ts":0,"tt":0,"td":0,"nn":"","ks":0,"d":true,"ig":[],"ll":{"w":"world","x":-280.8074041712553,"y":59.0,"z":15.582629280759932,"pi":38.549984,"ya":-240.90062},"g":"default"}