{"u":"19982134-0ed1-4775-a400-0052d31ebbf2","ts":0,"tt":0,"td":0,"nn":"","ks":0,"d":true,"ig":[],"ll":{"w":"world","x":-119.03948560388261,"y":185.1250014866238,"z":213.32144776267347,"pi":39.11165,"ya":74.54682},"g":"default"}