{"u":"19de9678-af0a-4512-bb1d-a27e379f9ca2","ts":0,"tt":0,"td":0,"nn":"","ks":0,"d":true,"ig":[],"ll":{"w":"world","x":-129.72186050356237,"y":43.0,"z":111.07042467793997,"pi":37.94945,"ya":-44.115967},"g":"default"}