{"u":"1a32365f-7183-461b-ac35-0792cb36fa6f","ts":2,"tt":0,"td":0,"nn":"","ks":0,"d":false,"ig":[],"ll":{"w":"world","x":468.66608215807526,"y":62.0,"z":269.69999998807907,"pi":2.906641,"ya":24.44989},"g":null}