{"u":"1ab12f95-4d50-4e8a-a193-30cfc7171ac3","ts":0,"tt":0,"td":0,"nn":"","ks":0,"d":true,"ig":[],"ll":{"w":"world","x":-806.3000000119209,"y":64.0,"z":750.1458235491282,"pi":20.551865,"ya":-90.600006},"g":"default"}