{"u":"1b20093b-753e-4b47-8fc4-1619e30680f5","ts":0,"tt":0,"td":0,"nn":"","ks":0,"d":true,"ig":[],"ll":{"w":"world","x":-72.52916492274882,"y":72.0,"z":70.62711392629308,"pi":-36.844814,"ya":4.0531006},"g":"default"}