{"u":"1b4e4db3-d422-47d5-93a1-1424b91900eb","ts":0,"tt":0,"td":0,"nn":"","ks":0,"d":true,"ig":[],"ll":{"w":"world","x":-77.44272546783428,"y":58.82995599256625,"z":33.42805472646011,"pi":38.86395,"ya":171.35266},"g":"default"}