{"u":"1c13a5a2-2fbb-4ac0-a166-217507efbea6","ts":0,"tt":0,"td":0,"nn":"","ks":0,"d":true,"ig":[],"ll":{"w":"world","x":-67.44717759081799,"y":46.0,"z":51.121323807341284,"pi":57.449993,"ya":-75.14752},"g":"default"}