{"u":"1c5da380-a108-4d0e-a90d-cc1ec2ace6ce","ts":0,"tt":0,"td":0,"nn":"","ks":0,"d":true,"ig":[],"ll":{"w":"world","x":-57.844040257523986,"y":49.0,"z":102.00961494517088,"pi":-19.666386,"ya":229.28851},"g":"default"}