{"u":"1cfaf004-97de-4974-b937-aa0f9b5c1091","ts":2,"tt":0,"td":0,"nn":"","ks":0,"d":true,"ig":[],"ll":{"w":"world","x":-35.30000001192093,"y":63.0,"z":288.32939632958596,"pi":62.249985,"ya":-310.04797},"g":"default"}