{"u":"1d320b6d-cc31-49f8-a486-a7a594df8664","ts":0,"tt":0,"td":0,"nn":"","ks":0,"d":true,"ig":[],"ll":{"w":"world","x":-88.5,"y":64.0,"z":71.5,"pi":-22.509733,"ya":-196.79996},"g":"default"}