{"u":"1d50e9a1-db83-4f9d-b95c-0c3d574345b1","ts":0,"tt":0,"td":0,"nn":"","ks":0,"d":true,"ig":[],"ll":{"w":"world","x":-48.49150079045907,"y":63.0,"z":30.03285392773291,"pi":47.85033,"ya":143.15076},"g":"default"}