{"u":"1ed44e57-4fd4-47e5-abb2-ea14a3040cb4","ts":0,"tt":0,"td":0,"nn":"","ks":0,"d":true,"ig":[],"ll":{"w":"world","x":-85.95196603894124,"y":64.0,"z":106.69999998807907,"pi":-4.90468,"ya":0.78184915},"g":"default"}