{"u":"1ef650b3-f273-4a8a-a0d3-2743286286d1","ts":0,"tt":0,"td":0,"nn":"","ks":0,"d":true,"ig":[],"ll":{"w":"world","x":13469.038590953329,"y":67.0625,"z":249.91134500963383,"pi":55.95001,"ya":-63.000004},"g":"default"}