{"u":"1f832877-e255-4c05-9c7c-3ccdbb70086c","ts":0,"tt":0,"td":0,"nn":"","ks":0,"d":false,"ig":[],"ll":{"w":"world","x":-113.58728753401265,"y":26.0,"z":106.57808255491965,"pi":-28.350016,"ya":92.09994},"g":null}