{"u":"1f9eae9e-f771-4ae9-a972-ea2c4291a04d","ts":0,"tt":0,"td":5,"nn":"","ks":0,"d":false,"ig":null,"ll":{"w":"world","x":-465609.1125000119,"y":63.5,"z":-987609.3457914566,"pi":-5.582992,"ya":-96.10458},"g":null}