{"u":"203b2a75-0753-4c84-b60e-0f77248ead05","ts":0,"tt":0,"td":0,"nn":"","ks":0,"d":false,"ig":null,"ll":{"w":"world_nether","x":11.300000011920925,"y":4.0,"z":-4.783541255342103,"pi":15.153925,"ya":-246.15297},"g":null}