{"u":"20461e7c-dc9e-4ae3-b0fd-296753d1a9e6","ts":0,"tt":0,"td":0,"nn":"","ks":0,"d":true,"ig":[],"ll":{"w":"world","x":127.343477525004,"y":80.76636799395752,"z":481.81162234164526,"pi":20.699957,"ya":139.35141},"g":"default"}