{"u":"2095d167-f68b-43ce-99dd-11d44b9de3fb","ts":0,"tt":0,"td":0,"nn":"","ks":0,"d":true,"ig":[],"ll":{"w":"world_nether","x":-194.96152487162362,"y":118.0,"z":-1.699999988079071,"pi":41.69993,"ya":-57.59994},"g":"default"}