{"u":"21a812b6-c3b7-4efc-9382-adca3b51b181","ts":0,"tt":0,"td":0,"nn":"","ks":0,"d":true,"ig":[],"ll":{"w":"world","x":-103.15793831114793,"y":38.0,"z":104.86743015259235,"pi":33.44995,"ya":-132.82462},"g":"default"}