{"u":"22f370fe-4c0c-4f72-b3c9-f8dd0e27ac09","ts":0,"tt":0,"td":0,"nn":"","ks":0,"d":true,"ig":[],"ll":{"w":"world","x":-67.77282658830691,"y":58.449808604972176,"z":17.354418485894634,"pi":9.9014435,"ya":-278.61514},"g":"default"}