{"u":"23233d9f-fce3-4151-9d9b-ec807fd6745a","ts":0,"tt":0,"td":0,"nn":"","ks":0,"d":true,"ig":[],"ll":{"w":"world","x":4995.249562656371,"y":87.0,"z":2.4786968809961576,"pi":52.349804,"ya":-269.38782},"g":"default"}