{"u":"241ef246-068a-4b03-bd23-e94a2ea2dca6","ts":0,"tt":0,"td":0,"nn":"","ks":0,"d":false,"ig":[],"ll":{"w":"world","x":-8203.728863969714,"y":103.0,"z":-2637.4278739179026,"pi":11.699913,"ya":-84.8143},"g":null}