{"u":"2476e867-7378-43b7-832a-cfac7ad548e0","ts":0,"tt":0,"td":0,"nn":"","ks":0,"d":true,"ig":[],"ll":{"w":"world","x":-63.5,"y":62.0,"z":30.5,"pi":47.249973,"ya":-98.850044},"g":"default"}