{"u":"249bade2-7831-426b-95d3-2c01b1dd4702","ts":0,"tt":0,"td":0,"nn":"","ks":0,"d":false,"ig":null,"ll":{"w":"world","x":-247.65684080481861,"y":66.0,"z":325.43780589708484,"pi":13.610561,"ya":-78.94596},"g":null}