{"u":"249e626b-5e06-4bf3-b886-adbb7a1cbcda","ts":0,"tt":0,"td":0,"nn":"","ks":0,"d":true,"ig":[],"ll":{"w":"world","x":-3.6398050490121014,"y":67.0,"z":137.8007971008812,"pi":6.5771537,"ya":115.33267},"g":"default"}