{"u":"25828e42-152e-4b45-b239-23daac258fb0","ts":0,"tt":0,"td":0,"nn":"","ks":0,"d":true,"ig":[],"ll":{"w":"world","x":-75.5,"y":60.0,"z":70.5,"pi":-15.524421,"ya":9.927319},"g":"default"}