{"u":"2584d6ce-4e8c-4dd7-9690-e4590f404a4e","ts":0,"tt":0,"td":0,"nn":"","ks":0,"d":true,"ig":[],"ll":{"w":"world","x":139.96141722625737,"y":62.99,"z":92.02929804029748,"pi":43.190544,"ya":-30.56498},"g":"default"}