{"u":"25c40856-b035-43be-8964-079909e1dd0d","ts":0,"tt":0,"td":0,"nn":"","ks":0,"d":true,"ig":[],"ll":{"w":"world","x":14.41422261858003,"y":236.68000000000012,"z":70.76351363631002,"pi":40.500015,"ya":240.29997},"g":"default"}