{"u":"26b13729-1a84-48f8-9c30-9745fca1b04a","ts":0,"tt":0,"td":0,"nn":"","ks":0,"d":false,"ig":null,"ll":{"w":"world","x":548.694916136274,"y":71.0,"z":-1119.7005466377761,"pi":-1.7999971,"ya":-260.09964},"g":null}