{"u":"26c1d4bc-5c18-4ea6-b0e7-299927f0d2ee","ts":0,"tt":0,"td":0,"nn":"","ks":0,"d":true,"ig":[],"ll":{"w":"world","x":-65.55046232607224,"y":58.0,"z":74.78986996291314,"pi":4.799998,"ya":-91.800156},"g":"default"}