{"u":"2718b29b-f1e0-490f-91a0-176c1b0a15c7","ts":0,"tt":0,"td":0,"nn":"","ks":0,"d":true,"ig":[],"ll":{"w":"world_nether","x":16.01423411592402,"y":128.0,"z":-13.584381471568607,"pi":2.0700321,"ya":-56.7954},"g":"default"}