{"u":"273124ce-a0d8-4910-9205-2f4f921f05da","ts":0,"tt":0,"td":0,"nn":"","ks":0,"d":false,"ig":[],"ll":{"w":"world","x":-10907.300000011921,"y":63.0,"z":-67895.37854712887,"pi":27.373465,"ya":104.01764},"g":null}