{"u":"2790e358-79e6-4fc4-8dee-ef5af78890a6","ts":0,"tt":0,"td":0,"nn":"","ks":0,"d":true,"ig":[],"ll":{"w":"world","x":-454.81065801442855,"y":76.24918707874468,"z":519.4936367476403,"pi":2.917019,"ya":90.572556},"g":"default"}