{"u":"27aba587-d0f7-4d1a-a37d-f873c4cc365e","ts":0,"tt":0,"td":0,"nn":"","ks":0,"d":true,"ig":[],"ll":{"w":"world","x":-68.3348358116627,"y":49.0,"z":40.81423044891286,"pi":72.472946,"ya":57.150257},"g":"default"}