{"u":"27c723f1-ed76-4b24-9cee-c28bcb1c1f8b","ts":0,"tt":0,"td":0,"nn":"","ks":0,"d":true,"ig":[],"ll":{"w":"world","x":-71.85258624582166,"y":61.0,"z":71.41726022017887,"pi":15.469477,"ya":-87.45002},"g":"default"}