{"u":"27dd77ce-44a5-49d3-92ed-394aa8cf1b7c","ts":0,"tt":0,"td":0,"nn":"","ks":0,"d":true,"ig":[],"ll":{"w":"world","x":580.7671695710144,"y":68.0,"z":-55403.300591537634,"pi":30.740301,"ya":-182.0542},"g":"default"}