{"u":"28187e11-5956-45eb-a17b-e949364d873f","ts":0,"tt":0,"td":0,"nn":"","ks":0,"d":true,"ig":[],"ll":{"w":"world","x":-46.61597672511282,"y":6.786364846019702,"z":17.95010401875179,"pi":32.936523,"ya":64.91148},"g":"default"}