{"u":"282eee70-e8a3-4bbc-b11c-ae1ca34a80b5","ts":6,"tt":0,"td":0,"nn":"","ks":0,"d":true,"ig":[],"ll":{"w":"world","x":-720.4525644086344,"y":63.01980770717653,"z":-662.9748243647568,"pi":29.699968,"ya":44.85125},"g":"default"}