{"u":"2837caba-12aa-4cb5-b859-346918745dd9","ts":0,"tt":0,"td":0,"nn":"","ks":0,"d":false,"ig":[],"ll":{"w":"world","x":2.8304137752768E7,"y":71.13747500241884,"z":2.739210412995824E7,"pi":12.342015,"ya":-134.24992},"g":null}