{"u":"28389e54-47dc-4746-a67b-535d49ace27b","ts":2,"tt":0,"td":0,"nn":"","ks":0,"d":true,"ig":[],"ll":{"w":"world","x":-44.385729472003185,"y":51.0,"z":49.286177230618094,"pi":19.060467,"ya":-121.8933},"g":"default"}