{"u":"28583ca1-8623-43b7-812e-4b709a189efb","ts":0,"tt":0,"td":0,"nn":"","ks":0,"d":true,"ig":[],"ll":{"w":"world_nether","x":-80.3259913646616,"y":118.0,"z":15.584306400188236,"pi":-90.0,"ya":53.717827},"g":"default"}