{"u":"285c088c-b562-4e61-b62e-b3dfce2d211c","ts":0,"tt":0,"td":0,"nn":"","ks":0,"d":true,"ig":[],"ll":{"w":"world","x":-60.22844389712161,"y":58.98,"z":81.4069844788226,"pi":10.396919,"ya":72.00001},"g":"default"}