{"u":"2932f281-d8ab-4bb6-b308-13279d8c6e8e","ts":0,"tt":0,"td":0,"nn":"","ks":0,"d":true,"ig":[],"ll":{"w":"world","x":32.83056619982513,"y":66.0,"z":83.69999998807907,"pi":21.664043,"ya":-115.94934},"g":"default"}