{"u":"29bd03b1-1c60-4bcb-bd95-de320d767429","ts":0,"tt":0,"td":0,"nn":"","ks":0,"d":true,"ig":[],"ll":{"w":"world","x":-4.979739569415285,"y":63.0,"z":101.22761737361635,"pi":-12.200337,"ya":138.75021},"g":"default"}