{"u":"2a213dd0-d155-4e67-a3cc-b97c1969c05c","ts":0,"tt":0,"td":0,"nn":"","ks":0,"d":true,"ig":[],"ll":{"w":"world","x":-53.87343102693558,"y":22.0,"z":-13.337591648101807,"pi":41.924538,"ya":272.85034},"g":"default"}