{"u":"2a40f81b-20eb-4d94-99df-e910096c7b71","ts":0,"tt":0,"td":0,"nn":"","ks":0,"d":true,"ig":[],"ll":{"w":"world","x":-30.261355557832967,"y":61.0,"z":-2.0812225003479132,"pi":36.448513,"ya":181.30905},"g":"default"}