{"u":"2a9a4cb5-06b6-4afb-a7b2-cb5608426884","ts":0,"tt":0,"td":0,"nn":"","ks":0,"d":true,"ig":[],"ll":{"w":"world","x":134.91447442258095,"y":58.65107676498839,"z":168.1412934218182,"pi":0.6636183,"ya":-46.538464},"g":"default"}