{"u":"2b2dbe37-b72e-4955-9f45-5656398e3d61","ts":0,"tt":0,"td":0,"nn":"","ks":0,"d":true,"ig":[],"ll":{"w":"world","x":-75.30000001192093,"y":77.0,"z":151.30000001192116,"pi":18.980173,"ya":303.9533},"g":"default"}