{"u":"2b49f0f4-1cc1-461c-a7c7-60d9ac774292","ts":0,"tt":0,"td":0,"nn":"","ks":0,"d":false,"ig":[],"ll":{"w":"world","x":-40.561818360806015,"y":48.0,"z":73.50923906914485,"pi":23.85211,"ya":-162.85251},"g":"default"}