{"u":"2b85af05-a988-4dfd-8085-09bde9dd8f74","ts":0,"tt":0,"td":0,"nn":"","ks":0,"d":true,"ig":[],"ll":{"w":"world","x":11.541357706869851,"y":2.0,"z":-40.5009834805326,"pi":39.899727,"ya":238.64835},"g":"default"}