{"u":"2c4dba02-0b9b-4608-846e-78ce60dab71e","ts":0,"tt":0,"td":0,"nn":"","ks":0,"d":true,"ig":[],"ll":{"w":"world","x":-63.82934370087368,"y":146.0,"z":-5.710676080334449,"pi":52.676056,"ya":-64.09785},"g":"default"}