{"u":"2c7835da-9679-49c3-945d-0daa9afc3d58","ts":0,"tt":0,"td":0,"nn":"","ks":0,"d":true,"ig":[],"ll":{"w":"world","x":251.7944290125964,"y":63.0,"z":1302.6108032872535,"pi":-1.8003777,"ya":-48.899998},"g":"default"}