{"u":"2c860c51-70f3-4820-8488-c8badae0e13a","ts":2,"tt":2,"td":0,"nn":"","ks":0,"d":false,"ig":null,"ll":{"w":"world","x":-309.44222480874487,"y":65.0,"z":369.89372452797113,"pi":16.499947,"ya":-99.45148},"g":null}