{"u":"2d03cb42-af60-4a47-b0f0-436d9157d288","ts":0,"tt":0,"td":0,"nn":"","ks":0,"d":true,"ig":[],"ll":{"w":"world","x":-94.69999998807907,"y":13.99,"z":-33.69999998807907,"pi":78.144325,"ya":33.80498},"g":"default"}