{"u":"2d1a6298-9601-4e95-97c1-6285ff7e60be","ts":0,"tt":0,"td":0,"nn":"","ks":0,"d":false,"ig":null,"ll":{"w":"world","x":-933811.4069776308,"y":46.0,"z":-833567.3064151156,"pi":-5.699939,"ya":-358.75427},"g":null}