{"u":"2d46f7cb-7499-4aba-ab14-3de77db2cd06","ts":0,"tt":0,"td":0,"nn":"","ks":0,"d":true,"ig":[],"ll":{"w":"world","x":199.6477430424319,"y":55.0,"z":-1095.300000011921,"pi":10.210904,"ya":-297.13855},"g":"default"}