{"u":"2d5e4692-1437-429b-9bd2-ff94c31d8771","ts":0,"tt":0,"td":0,"nn":"","ks":0,"d":true,"ig":[],"ll":{"w":"world","x":-73.30000001192093,"y":62.0,"z":85.69885266668459,"pi":5.2500005,"ya":-112.05001},"g":"default"}