{"u":"2deebe84-32a2-489b-9666-8251b962c624","ts":0,"tt":0,"td":0,"nn":"","ks":0,"d":true,"ig":[],"ll":{"w":"world","x":-79.77219547109682,"y":62.0,"z":101.69031721682404,"pi":4.8000035,"ya":-91.20124},"g":"default"}