{"u":"2e8249f0-d4f8-49a7-9aeb-1b72d656cde2","ts":0,"tt":0,"td":0,"nn":"","ks":0,"d":true,"ig":[],"ll":{"w":"world","x":-5022.209572226013,"y":60.82814213125766,"z":-13173.944890632665,"pi":-90.0,"ya":37.800003},"g":"default"}