{"u":"2eeff9bb-930f-4ff0-8d5d-f96377a5e0dd","ts":4,"tt":17,"td":0,"nn":"","ks":0,"d":true,"ig":[],"ll":{"w":"world","x":-4810677.084043197,"y":81.875,"z":9823532.935382172,"pi":3.6000059,"ya":-268.10028},"g":"donor"}