{"u":"2f3849d4-045f-4087-b10a-09667ecb3adf","ts":0,"tt":0,"td":0,"nn":"","ks":0,"d":true,"ig":[],"ll":{"w":"world","x":-76.25005628251456,"y":63.098896599642806,"z":916.25261310867,"pi":5.2750273,"ya":-320.58368},"g":"default"}