{"u":"2f40a284-6220-49c1-80cd-3d141d489b2d","ts":0,"tt":0,"td":0,"nn":"","ks":0,"d":true,"ig":[],"ll":{"w":"world","x":-105.56245461936317,"y":52.0,"z":95.30000001192093,"pi":73.96639,"ya":122.136375},"g":"default"}