{"u":"2fb7b679-dd08-4c55-b567-e7792ab53349","ts":0,"tt":0,"td":0,"nn":"","ks":0,"d":true,"ig":[],"ll":{"w":"world","x":-13.879429542546099,"y":55.0,"z":-2.7546188700437195,"pi":30.213428,"ya":-173.09879},"g":"default"}