{"u":"30ba0ebe-f8de-49a2-99f5-6cdd33063b24","ts":0,"tt":0,"td":0,"nn":"","ks":0,"d":true,"ig":[],"ll":{"w":"world_nether","x":-203.95325335766887,"y":48.00133597911215,"z":0.6761715176503945,"pi":-1.3770356,"ya":62.848392},"g":"default"}