{"u":"31817d88-4cb9-4c7e-8324-0b7fa98e7c8e","ts":0,"tt":0,"td":0,"nn":"","ks":0,"d":false,"ig":[],"ll":{"w":"world_nether","x":89.60110651991445,"y":118.0,"z":-0.01869611258260706,"pi":15.601115,"ya":73.35005},"g":null}