{"u":"31c0ba94-b46e-4715-8165-dd84574b8068","ts":0,"tt":0,"td":0,"nn":"","ks":2,"d":false,"ig":[],"ll":{"w":"world","x":-6331.415938989666,"y":84.14735227362543,"z":-0.7277308757962249,"pi":2.7033978,"ya":98.82922},"g":null}