{"u":"326481da-b508-48c9-905e-7bd4721389ca","ts":0,"tt":0,"td":0,"nn":"","ks":0,"d":true,"ig":[],"ll":{"w":"world","x":-88.5,"y":64.0,"z":71.5,"pi":20.516611,"ya":-242.40019},"g":"default"}