{"u":"32a29ce5-9a7a-4afe-b5ab-f7e147da7a1f","ts":0,"tt":0,"td":0,"nn":"","ks":0,"d":true,"ig":[],"ll":{"w":"world","x":-81.6306077397418,"y":63.0,"z":62.55888334082678,"pi":-1.0963689,"ya":67.55257},"g":"default"}