{"u":"3304ced4-9f61-40ba-86fd-421a5fc955dd","ts":0,"tt":0,"td":0,"nn":"","ks":0,"d":true,"ig":[],"ll":{"w":"world","x":240.46339656800166,"y":47.0,"z":-1062.084825870711,"pi":64.20002,"ya":151.4433},"g":"default"}