{"u":"3346a341-237a-4de9-a4c5-bc7f1a3c5342","ts":0,"tt":0,"td":0,"nn":"","ks":0,"d":true,"ig":[],"ll":{"w":"world","x":-104.34245065779935,"y":65.0,"z":4.277907710819282,"pi":28.799892,"ya":-128.82997},"g":"default"}