{"u":"33db774c-3bca-41f6-88ea-b479ec15cffd","ts":0,"tt":0,"td":0,"nn":"","ks":0,"d":true,"ig":[],"ll":{"w":"world","x":-63.94716854172769,"y":51.08010810486687,"z":63.66870251834764,"pi":0.50273836,"ya":-168.2783},"g":"default"}