{"u":"33f50f80-ec43-4975-a018-d450b17f991b","ts":0,"tt":0,"td":0,"nn":"","ks":0,"d":true,"ig":[],"ll":{"w":"world","x":-45.20633092642331,"y":58.0,"z":50.85211282489419,"pi":-7.19996,"ya":-53.6093},"g":"default"}