{"u":"34b78cd1-56f4-46f5-be41-5ae053fd2b78","ts":1,"tt":2,"td":0,"nn":"","ks":0,"d":false,"ig":[],"ll":{"w":"world","x":-2.5410465780352537E7,"y":14.0,"z":-1.5293699134445846E7,"pi":18.149967,"ya":-112.80072},"g":"third-donor"}