{"u":"34e2e0c6-cb89-406d-b288-573cc2447e5a","ts":0,"tt":0,"td":0,"nn":"","ks":0,"d":false,"ig":null,"ll":{"w":"world","x":-89.69999998807907,"y":57.0,"z":101.10394302637694,"pi":-6.750019,"ya":-57.449993},"g":null}