{"u":"35464414-551c-4b66-bb6b-33675a4c2d41","ts":0,"tt":0,"td":0,"nn":"","ks":0,"d":true,"ig":[],"ll":{"w":"world","x":387.4040727077734,"y":57.0,"z":163.15708536876105,"pi":24.59922,"ya":205.05469},"g":"default"}