{"u":"3590de6a-2760-4256-886e-73856be496c6","ts":0,"tt":0,"td":0,"nn":"","ks":0,"d":true,"ig":[],"ll":{"w":"world","x":22.48373304792928,"y":4.0,"z":-54.250306747585974,"pi":22.333712,"ya":-29.286953},"g":"default"}