{"u":"3684d4d9-db07-45aa-af05-0e60723804f7","ts":0,"tt":0,"td":0,"nn":"","ks":0,"d":true,"ig":[],"ll":{"w":"world","x":-62.5,"y":59.0,"z":85.5,"pi":4.559543,"ya":0.43213302},"g":"default"}