{"u":"36a6e8b7-7659-48eb-8022-d00ba8677463","ts":0,"tt":0,"td":0,"nn":"","ks":0,"d":true,"ig":[],"ll":{"w":"world","x":-77.18880259134227,"y":63.0,"z":41.53501701788568,"pi":6.8999987,"ya":-129.15002},"g":"default"}