{"u":"370b761f-2032-4fb7-896e-678376ece010","ts":0,"tt":0,"td":0,"nn":"","ks":0,"d":false,"ig":null,"ll":{"w":"world_nether","x":-28.30000001192093,"y":2.0,"z":-92.69747635505439,"pi":89.70758,"ya":279.501},"g":null}