{"u":"3766a76d-605c-4ef0-87c5-892b25acc4e1","ts":0,"tt":0,"td":0,"nn":"","ks":0,"d":true,"ig":[],"ll":{"w":"world","x":-71.32583376710352,"y":61.0,"z":71.93697293236364,"pi":10.075118,"ya":-12.798218},"g":"default"}