{"u":"381fdd85-8abd-4b63-bb48-a4daefc13f82","ts":97982,"tt":6,"td":0,"nn":"","ks":1,"d":true,"ig":[],"ll":{"w":"world","x":-111.90811057832747,"y":207.49946106027113,"z":82.26075951923647,"pi":90.0,"ya":21.899965},"g":"root"}