{"u":"381fdd85-8abd-4b63-bb48-a4daefc13f82","ts":97982,"tt":6,"td":0,"nn":"","ks":0,"d":true,"ig":[],"ll":{"w":"world","x":-153.81089117085452,"y":66.0,"z":81.30000001192093,"pi":22.745213,"ya":125.28879},"g":"root"}