{"u":"38654e0e-51d9-4f52-8fd4-46cf87e4beaf","ts":0,"tt":0,"td":0,"nn":"","ks":0,"d":true,"ig":[],"ll":{"w":"world","x":-67.7406885800176,"y":59.0,"z":74.26595802180691,"pi":-2.329908,"ya":252.2997},"g":"default"}