{"u":"39970ba1-41f2-4d0d-801b-83c6f78db410","ts":0,"tt":0,"td":0,"nn":"","ks":0,"d":true,"ig":[],"ll":{"w":"world","x":-73.69999998807907,"y":59.0,"z":71.79308674613551,"pi":65.7,"ya":149.46992},"g":"default"}