{"u":"39bbc534-4519-4276-9e61-01c81021fbbf","ts":0,"tt":0,"td":0,"nn":"","ks":0,"d":true,"ig":[],"ll":{"w":"world","x":-55.94996399284799,"y":59.459864829390845,"z":30.00201784912744,"pi":15.679874,"ya":34.40639},"g":"default"}