{"u":"3a72e5bd-73cc-49a9-9d5e-07bc7cba9daa","ts":0,"tt":0,"td":0,"nn":"","ks":0,"d":true,"ig":[],"ll":{"w":"world","x":-79.30000001192093,"y":64.0,"z":65.69999998807907,"pi":52.200127,"ya":169.50003},"g":"default"}