{"u":"3a7dbd28-fee0-444f-b904-43af15cbb5c8","ts":0,"tt":0,"td":0,"nn":"","ks":0,"ig":[],"ll":{"w":"world","x":54.83139310851578,"y":32.01846289752867,"z":25.780520576781473,"pi":8.250014,"ya":84.60016}}