{"u":"3acbd5c4-0747-4194-97c3-537ec57889e6","ts":0,"tt":0,"td":0,"nn":"","ks":0,"d":true,"ig":[],"ll":{"w":"world","x":227.4135408513988,"y":61.9354831511362,"z":-179.82780970235729,"pi":23.82562,"ya":74.40106},"g":"default"}