{"u":"3b21e0b3-d270-421d-bdae-1051b5f3a6e8","ts":0,"tt":0,"td":0,"nn":"","ks":1,"d":true,"ig":[],"ll":{"w":"world","x":-73.23966307048038,"y":51.0,"z":38.51488011613784,"pi":17.21619,"ya":-147.86765},"g":"default"}