{"u":"3b5b7854-0228-4680-867d-9663daae167e","ts":0,"tt":0,"td":0,"nn":"","ks":0,"d":true,"ig":[],"ll":{"w":"world","x":94.12394233699042,"y":265.0050011920929,"z":-58.353339538369696,"pi":37.165848,"ya":181.08727},"g":"default"}