{"u":"3b9c2ba1-63ec-4b75-847d-951f9abf17a8","ts":0,"tt":0,"td":0,"nn":"","ks":0,"d":true,"ig":[],"ll":{"w":"world","x":115.95983099245802,"y":67.15230416220751,"z":43.788334492121294,"pi":15.925839,"ya":-13.379986},"g":"default"}