{"u":"3be9bf1a-6f25-438f-bbea-9a09062792df","ts":6,"tt":0,"td":0,"nn":"","ks":0,"d":false,"ig":[],"ll":{"w":"world","x":-2.5410411328719914E7,"y":14.0,"z":-1.5293619300000012E7,"pi":22.20003,"ya":-325.84473},"g":null}