{"u":"3bec5156-da3f-41c0-8856-919ec1c0f361","ts":0,"tt":0,"td":0,"nn":"","ks":0,"d":true,"ig":[],"ll":{"w":"world","x":-1.0679148696193181,"y":64.0,"z":-13.84744062087917,"pi":15.422984,"ya":210.30017},"g":"default"}