{"u":"3c519846-848f-47cf-897f-029821ab67aa","ts":0,"tt":0,"td":0,"nn":"","ks":0,"d":true,"ig":[],"ll":{"w":"world","x":-7548.79680626322,"y":68.0,"z":-410.7814513524049,"pi":90.0,"ya":28.349941},"g":"default"}