{"u":"3c99ebe0-ab6c-45f5-9d0a-feedb1c8dec5","ts":0,"tt":0,"td":0,"nn":"","ks":0,"d":true,"ig":[],"ll":{"w":"world","x":-66.38836383912715,"y":64.8907815220538,"z":47.087940483750195,"pi":0.4500018,"ya":-54.00006},"g":"default"}