{"u":"3ce3f651-6fdf-4d92-8439-22f2a44814b8","ts":0,"tt":0,"td":0,"nn":"","ks":0,"d":true,"ig":[],"ll":{"w":"world","x":-57.53206717187854,"y":65.0,"z":110.30000001192093,"pi":-90.0,"ya":13.330017},"g":"default"}