{"u":"3d661ba6-9cf4-4b5b-83ff-57666e7fc2d9","ts":0,"tt":0,"td":0,"nn":"","ks":0,"d":true,"ig":[],"ll":{"w":"world","x":-64.95449457352154,"y":44.0,"z":79.13292428936825,"pi":33.00022,"ya":-4.651581},"g":"default"}