{"u":"3d6ffb73-d323-4f6e-9f07-24ad07b01edf","ts":0,"tt":0,"td":0,"nn":"","ks":0,"d":true,"ig":[],"ll":{"w":"world","x":54.18880134469338,"y":61.02857141516039,"z":125.65147572077389,"pi":19.663084,"ya":-80.39787},"g":"default"}