{"u":"3dcf4ae5-1247-4bf3-9277-a1295a20a77c","ts":0,"tt":0,"td":0,"nn":"","ks":0,"d":true,"ig":[],"ll":{"w":"world","x":-94.30000001192093,"y":56.0,"z":73.69999998807907,"pi":20.769735,"ya":-16.650024},"g":"default"}