{"u":"3e258261-41d3-4a57-9de6-ac3c55a1feb8","ts":0,"tt":0,"td":0,"nn":"","ks":0,"d":true,"ig":[],"ll":{"w":"world","x":-63.5,"y":62.0,"z":30.5,"pi":3.9000037,"ya":-80.85001},"g":"default"}