{"u":"3e7346db-ce6c-444f-b19f-39944f871edf","ts":0,"tt":0,"td":0,"nn":"","ks":0,"d":true,"ig":[],"ll":{"w":"world","x":-146046.51059930786,"y":72.0,"z":-966.1237638897755,"pi":7.8007026,"ya":-64.33273},"g":"default"}