{"u":"3f09d392-5899-4836-ba3b-2dc85db7905d","ts":0,"tt":0,"td":0,"nn":"","ks":0,"d":true,"ig":[],"ll":{"w":"world","x":-66.01313220786244,"y":59.0,"z":92.91983974028021,"pi":33.901314,"ya":14.400001},"g":"default"}