{"u":"3f2b733e-25db-4657-b89c-a5ab3e1cf41c","ts":0,"tt":0,"td":0,"nn":"","ks":0,"d":true,"ig":[],"ll":{"w":"world","x":516.6896827731766,"y":58.0,"z":217.81563895894075,"pi":24.000011,"ya":-217.04997},"g":"default"}