{"u":"3f6442e0-08b5-467a-b19c-b351e3c9e60f","ts":0,"tt":0,"td":0,"nn":"","ks":0,"d":true,"ig":[],"ll":{"w":"world","x":-89.64599224130387,"y":53.0,"z":96.30210059138824,"pi":31.328562,"ya":173.84984},"g":"default"}