{"u":"4003b3c1-7796-4ffb-b705-7a51659c39a8","ts":0,"tt":1,"td":0,"nn":"","ks":0,"d":true,"ig":[],"ll":{"w":"world","x":57665.68388466974,"y":64.0,"z":4066.3710700273346,"pi":8.255173,"ya":245.27377},"g":"default"}