{"u":"40b10cf4-d9c3-4b36-a7c0-3938c01d1983","ts":0,"tt":0,"td":0,"nn":"","ks":0,"d":true,"ig":[],"ll":{"w":"world","x":413.0884733624266,"y":62.41999998688698,"z":18.58168456285793,"pi":13.799974,"ya":-131.55003},"g":"default"}