{"u":"4150a31c-3184-4b84-ab73-0a59c0782e88","ts":6,"tt":0,"td":0,"nn":"","ks":1,"d":false,"ig":[],"ll":{"w":"world","x":3.031184419502464,"y":183.0,"z":60.11605091304585,"pi":59.700016,"ya":27.899824},"g":"super-donor"}