{"u":"4191013d-48ef-4518-b5b7-9888056f1a05","ts":0,"tt":0,"td":0,"nn":"","ks":0,"d":true,"ig":[],"ll":{"w":"world","x":2452.1084038212052,"y":95.0,"z":1205.300000011921,"pi":51.146873,"ya":176.3187},"g":"default"}