{"u":"41b70a20-f141-4618-87d3-410d12dbff2b","ts":0,"tt":0,"td":0,"nn":"","ks":0,"d":false,"ig":[],"ll":{"w":"world","x":-62.13984359876244,"y":189.49153618247507,"z":-12.915939225553185,"pi":17.399994,"ya":-185.2501},"g":null}