{"u":"423a355c-6927-4683-bb4d-6bb48d8f4187","ts":0,"tt":0,"td":0,"nn":"","ks":0,"d":true,"ig":[],"ll":{"w":"world","x":-95.9907448660179,"y":101.8999999999999,"z":53.95559216705632,"pi":34.975384,"ya":-37.650055},"g":"default"}