{"u":"42561b7e-41fd-4824-87a3-adc26cec1e72","ts":0,"tt":4,"td":0,"nn":"","ks":2,"d":false,"ig":[],"ll":{"w":"world","x":-141.69999998807907,"y":66.0,"z":9386.960740917899,"pi":3.4877925,"ya":250.89299},"g":null}