{"u":"4257b7db-b092-4e98-a270-87db7ab76e3d","ts":0,"tt":0,"td":0,"nn":"","ks":0,"d":true,"ig":[],"ll":{"w":"world","x":92.20685829652659,"y":77.0,"z":38.2217135669117,"pi":59.081882,"ya":-170.54974},"g":"default"}