{"u":"426b940b-12ad-4990-88f3-143cbf9c5d39","ts":0,"tt":0,"td":0,"nn":"","ks":0,"d":false,"ig":null,"ll":{"w":"world","x":-74.86334655554172,"y":86.528569902693,"z":66.71461475694667,"pi":4.5000005,"ya":-115.64999},"g":null}