{"u":"42b60377-2e58-4d00-ab8e-49bec0da3b74","ts":10,"tt":0,"td":0,"nn":"","ks":1,"d":false,"ig":[],"ll":{"w":"world","x":486.3746118020845,"y":104.01142365799284,"z":59.863141096221604,"pi":-210.29987,"ya":9.150026},"g":null}