{"u":"42e2a34d-6969-404f-a6fa-89c429537a35","ts":0,"tt":0,"td":0,"nn":"","ks":0,"d":false,"ig":null,"ll":{"w":"world","x":-18.8775997753243,"y":57.0,"z":-394.16246905761,"pi":11.356757,"ya":145.31528},"g":null}