{"u":"43345528-587e-4557-9d22-c33629a9abc7","ts":10,"tt":0,"td":0,"nn":"","ks":0,"d":true,"ig":["838e184b-3971-4592-afdc-7e9e95ed63bb"],"ll":{"w":"world","x":-1800.9751681831335,"y":61.33667010781491,"z":805.0693459908017,"pi":6.5999885,"ya":94.050064},"g":"default"}