{"u":"4391d275-0c64-4c88-992e-80e7baacbb84","ts":0,"tt":0,"td":0,"nn":"","ks":0,"d":true,"ig":[],"ll":{"w":"world","x":-80.2849252478245,"y":63.0,"z":92.37795500633013,"pi":49.950096,"ya":178.19688},"g":"default"}