{"u":"43bea9da-9513-4a44-b5bb-b5948fdd4098","ts":4,"tt":0,"td":0,"nn":"","ks":0,"d":true,"ig":[],"ll":{"w":"world_nether","x":2360.699999988079,"y":110.0,"z":-1550.699999988079,"pi":4.200083,"ya":268.0499},"g":"default"}