{"u":"440e1d27-70c6-4537-8da0-3579ddf68610","ts":0,"tt":0,"td":0,"nn":"","ks":0,"d":true,"ig":[],"ll":{"w":"world","x":-45.16211188380459,"y":82.0,"z":-21912.495975567228,"pi":21.610292,"ya":-282.37872},"g":"default"}