{"u":"444d20fd-5e17-423f-96fc-166a1a1b0c4d","ts":0,"tt":0,"td":0,"nn":"","ks":0,"d":true,"ig":[],"ll":{"w":"world","x":2.023058580889204,"y":66.0,"z":0.9734358330511881,"pi":21.198725,"ya":177.69762},"g":"default"}