{"u":"445c4bb0-6396-4289-81b8-9adc19f66d8c","ts":0,"tt":0,"td":0,"nn":"","ks":0,"d":true,"ig":[],"ll":{"w":"world","x":83.49701686341515,"y":85.81496866591213,"z":42.88870211313324,"pi":-266.50443,"ya":6.305586},"g":"default"}