{"u":"44647b41-862b-40b0-98aa-ebea072840c0","ts":0,"tt":0,"td":0,"nn":"","ks":0,"d":true,"ig":[],"ll":{"w":"world","x":-104.51103073421478,"y":64.0,"z":120.2455950713763,"pi":11.1035385,"ya":-244.19225},"g":"default"}