{"u":"44701fab-a40e-4f50-af36-a86a5b3bd66e","ts":0,"tt":0,"td":0,"nn":"","ks":0,"d":true,"ig":[],"ll":{"w":"world","x":3482.8827502988515,"y":80.0,"z":-1801.300000011921,"pi":39.749996,"ya":12.884564},"g":"default"}