{"u":"45060827-5533-4928-97ca-c72dd42b8262","ts":0,"tt":0,"td":0,"nn":"","ks":0,"d":true,"ig":[],"ll":{"w":"world","x":-97.5,"y":61.0,"z":59.5,"pi":-15.471362,"ya":-91.26144},"g":"default"}