{"u":"4526ab88-5ba8-4a37-afe6-ea90ae588ccb","ts":0,"tt":0,"td":0,"nn":"","ks":0,"d":true,"ig":[],"ll":{"w":"world","x":216.71102709265395,"y":63.0,"z":123.79547216864108,"pi":1.840107,"ya":89.5654},"g":"default"}