{"u":"454b59f7-10e9-41cd-8ebd-3035b77cc853","ts":0,"tt":0,"td":0,"nn":"","ks":0,"d":true,"ig":[],"ll":{"w":"world","x":-115.91328019137124,"y":42.34407721832419,"z":-99.3510330457114,"pi":25.200151,"ya":-299.7157},"g":"default"}