{"u":"45557799-9cb8-4b53-854a-e03c15ea83d7","ts":0,"tt":0,"td":0,"nn":"","ks":0,"d":false,"ig":[],"ll":{"w":"world","x":58.65842815729735,"y":67.57497971898803,"z":225.99953078661505,"pi":25.950016,"ya":32.999996},"g":"default"}