{"u":"4570fd5f-4b77-4f9a-841a-ece62360b909","ts":0,"tt":0,"td":0,"nn":"","ks":0,"d":false,"ig":null,"ll":{"w":"world","x":19161.229527198044,"y":63.0,"z":7554.10549503175,"pi":10.200076,"ya":-66.98331},"g":null}