{"u":"46176677-14cc-48cf-b401-652b3f60489b","ts":2,"tt":4,"td":0,"nn":"","ks":0,"d":false,"ig":[],"ll":{"w":"world","x":12805.136237378698,"y":84.0,"z":26272.566008192865,"pi":89.516846,"ya":-128.23918},"g":null}