{"u":"473de1bc-80bc-42ab-ac76-89a3a69d092c","ts":0,"tt":0,"td":0,"nn":"","ks":0,"d":true,"ig":[],"ll":{"w":"world","x":-76.30000001192093,"y":60.0,"z":67.21395278953348,"pi":2.3999996,"ya":123.14987},"g":"default"}