{"u":"47ebb36e-0541-4ac8-b2a7-7147015dc930","ts":0,"tt":2,"td":0,"nn":"","ks":0,"d":true,"ig":[],"ll":{"w":"world","x":326355.5584667801,"y":106.96874,"z":-292124.4072273548,"pi":21.657799,"ya":-109.06563},"g":"default"}