{"u":"48c755de-c96e-4674-beef-595c53c36546","ts":0,"tt":0,"td":0,"nn":"","ks":0,"d":true,"ig":[],"ll":{"w":"world","x":-60.42612565324782,"y":58.0,"z":86.6768781175253,"pi":23.404736,"ya":-187.2378},"g":"default"}