{"u":"49670ebd-91a1-4072-ba1d-4913e892d15c","ts":0,"tt":0,"td":0,"nn":"","ks":0,"ig":[],"ll":{"w":"world_nether","x":-5.300000011920929,"y":118.0,"z":4.699999988079071,"pi":48.195892,"ya":-90.69347},"g":"default"}