{"u":"4992dace-fb26-4715-b7e1-ed817bd49623","ts":0,"tt":0,"td":0,"nn":"","ks":0,"d":true,"ig":[],"ll":{"w":"world","x":30.77937717959137,"y":57.0,"z":35.457170675131586,"pi":22.347908,"ya":280.34988},"g":"default"}