{"u":"49fe153f-1149-4404-995c-952a0784be2e","ts":0,"tt":0,"td":0,"nn":"","ks":0,"d":false,"ig":null,"ll":{"w":"world","x":-189.1874930044824,"y":81.99520087700593,"z":-22100.336688053652,"pi":42.258987,"ya":91.12666},"g":null}