{"u":"4a1272a4-d641-4632-b868-24d8fbb5453f","ts":0,"tt":0,"td":0,"nn":"","ks":0,"d":true,"ig":[],"ll":{"w":"world","x":-44.64749157586487,"y":65.0,"z":76.1296601404985,"pi":6.6154943,"ya":-155.7316},"g":"default"}