{"u":"4a33c94c-a02a-420a-a6e3-1c7f866c8b84","ts":0,"tt":0,"td":0,"nn":"","ks":0,"d":true,"ig":[],"ll":{"w":"world","x":-64.32055504576408,"y":45.0,"z":44.69577706098401,"pi":-94.59863,"ya":30.591429},"g":"default"}