{"u":"4b419e2a-deed-43cb-9166-ba18e1eb30ce","ts":0,"tt":0,"td":0,"nn":"","ks":0,"d":true,"ig":[],"ll":{"w":"world","x":-48.28607173158166,"y":61.057666026280614,"z":64.30700001192093,"pi":14.100159,"ya":-243.75069},"g":"default"}