{"u":"4b88b691-96ed-4fef-8f42-b05a3b721d37","ts":0,"tt":0,"td":0,"nn":"","ks":0,"d":true,"ig":[],"ll":{"w":"world","x":7385.9201138506,"y":63.0,"z":33.19373741774973,"pi":17.70003,"ya":49.04999},"g":"default"}