{"u":"4b9159de-63d2-4f20-b203-7cdbcb129e4c","ts":0,"tt":0,"td":0,"nn":"","ks":0,"d":true,"ig":[],"ll":{"w":"world","x":-152.4183816957036,"y":62.40989915231335,"z":2.094550496609013,"pi":3.1499882,"ya":99.601204},"g":"default"}