{"u":"4c0d1c75-7f10-47f2-8869-3f4c8724d90b","ts":0,"tt":0,"td":0,"nn":"","ks":0,"d":false,"ig":[],"ll":{"w":"world","x":-45.416070637763376,"y":34.00426499927044,"z":47.30000001192093,"pi":14.908879,"ya":-144.31592},"g":null}