{"u":"4c617531-111a-4c27-838e-06ded35a08cc","ts":6,"tt":1,"td":0,"nn":"","ks":0,"d":false,"ig":[],"ll":{"w":"world","x":-2.5410899469020884E7,"y":7.0,"z":-1.5293949237500012E7,"pi":-0.20981957,"ya":-129.21487},"g":"first-donor"}