{"u":"4d486036-43b0-43ba-8e18-98e78d497e68","ts":0,"tt":0,"td":0,"nn":"","ks":0,"d":true,"ig":[],"ll":{"w":"world","x":-58.5,"y":64.0999984741211,"z":96.5,"pi":0.6000001,"ya":0.15000002},"g":"default"}