{"u":"4d7bf3a6-236d-4b3b-be41-e665849c4364","ts":0,"tt":0,"td":0,"nn":"","ks":0,"d":true,"ig":[],"ll":{"w":"world","x":-6553.078521691093,"y":7.0,"z":-187758.16826084838,"pi":13.799889,"ya":-114.00171},"g":"default"}