{"u":"4d8120d1-84e2-4a1f-864e-840a7374d76e","ts":4,"tt":0,"td":0,"nn":"","ks":0,"d":true,"ig":[],"ll":{"w":"world","x":-56.515189522710656,"y":14.0,"z":-65.4153695130107,"pi":1.0499817,"ya":-343.95862},"g":"default"}