{"u":"4daa8454-5183-457c-9659-fdd82a7570ac","ts":0,"tt":0,"td":0,"nn":"","ks":0,"d":true,"ig":[],"ll":{"w":"world","x":-92.5,"y":76.0,"z":33.5,"pi":69.90454,"ya":-51.61555},"g":"default"}