{"u":"4de82416-2de5-4359-aae0-0f345fc2e641","ts":0,"tt":0,"td":0,"nn":"","ks":0,"d":true,"ig":[],"ll":{"w":"world","x":48.39643369187202,"y":58.34034445879086,"z":146.90850107877503,"pi":-10.267927,"ya":-51.529816},"g":"default"}