{"u":"4e697466-ee0e-450e-8f57-0075fb5c0262","ts":0,"tt":1,"td":0,"nn":"","ks":0,"d":true,"ig":[],"ll":{"w":"world","x":1.3010056423050934E7,"y":67.0,"z":2.9999983699999988E7,"pi":40.581245,"ya":6.6445227},"g":"default"}