{"u":"4eb137a9-12ed-4e23-8f9d-7395670e9259","ts":0,"tt":0,"td":0,"nn":"","ks":0,"ig":[],"ll":{"w":"world","x":1319.621709846868,"y":71.0,"z":-14413.513133823277,"pi":10.800022,"ya":6.562256},"g":"default"}