{"u":"4ee7beb1-8c37-4367-a317-89d2c3de4dc0","ts":0,"tt":0,"td":0,"nn":"","ks":0,"d":true,"ig":[],"ll":{"w":"world","x":-13.466560648932166,"y":62.0,"z":29.37631131155756,"pi":64.305984,"ya":327.82434},"g":"default"}