{"u":"4f68caa2-7d32-47b6-a984-9551f9d5c4a3","ts":0,"tt":0,"td":0,"nn":"","ks":0,"d":true,"ig":[],"ll":{"w":"world","x":-2690.7046575988943,"y":62.073264324665075,"z":-162.22760382825612,"pi":9.955334,"ya":82.23664},"g":"default"}