{"u":"4f73c03a-d05b-4720-a5e4-c36ff17aa10e","ts":0,"tt":0,"td":0,"nn":"","ks":0,"d":true,"ig":[],"ll":{"w":"world","x":-39.02710751416035,"y":57.24524556577948,"z":74.00246226709496,"pi":-13.654385,"ya":-3.1045265},"g":"default"}