{"u":"4f7ca6ac-e4e9-47a6-a26e-57967bbc9ac6","ts":0,"tt":0,"td":0,"nn":"","ks":0,"d":false,"ig":[],"ll":{"w":"world","x":100007.43606921779,"y":8.875,"z":100056.17501327203,"pi":19.916237,"ya":-319.336},"g":null}