{"u":"4f84c639-078f-4466-9ff3-05da10f19699","ts":0,"tt":0,"td":0,"nn":"","ks":0,"d":true,"ig":[],"ll":{"w":"world","x":54.25835711715037,"y":4.0,"z":-12.359547040168838,"pi":6.8999386,"ya":16.649973},"g":"default"}