{"u":"4fe78d7e-f91a-4ad6-bebb-7d2008aded4b","ts":0,"tt":0,"td":0,"nn":"","ks":0,"d":true,"ig":[],"ll":{"w":"world_nether","x":302.87877299803944,"y":120.0,"z":-5.047090550987065,"pi":7.7223606,"ya":270.16165},"g":"default"}