{"u":"52067fbf-ce9d-42c6-bf9e-91b733105415","ts":0,"tt":0,"td":0,"nn":"","ks":0,"d":true,"ig":[],"ll":{"w":"world","x":116.46892393410144,"y":62.9512119968811,"z":121.71471932409185,"pi":18.75003,"ya":263.7001},"g":"default"}