{"u":"523b4302-6698-4723-ba79-5428957e8f24","ts":0,"tt":0,"td":0,"nn":"","ks":0,"d":false,"ig":[],"ll":{"w":"world","x":-615956.1563203078,"y":78.0,"z":-116071.39029865098,"pi":45.449993,"ya":81.59653},"g":"default"}