{"u":"524bb6fe-4836-486a-b35f-e2c209c286d9","ts":0,"tt":0,"td":0,"nn":"","ks":0,"d":true,"ig":[],"ll":{"w":"world","x":53.35379454902071,"y":62.0,"z":81.38786506681936,"pi":18.763294,"ya":-147.60002},"g":"default"}