{"u":"526871c0-fdee-4e27-afba-fe1b6c947fef","ts":243,"tt":15,"td":655,"nn":".TheImmortal.??r","ks":0,"d":false,"ig":[],"ll":{"w":"world","x":-509751.94630758243,"y":62.0,"z":-956768.7079036827,"pi":56.699986,"ya":16.800037},"g":"donor"}