{"u":"530d7320-53ce-4c3c-8c24-f868683d366b","ts":0,"tt":0,"td":0,"nn":"","ks":0,"d":true,"ig":[],"ll":{"w":"world","x":-40.954229706312475,"y":73.0,"z":462.06116001576595,"pi":90.0,"ya":14.100013},"g":"default"}