{"u":"54048282-dbea-4f9d-adb3-247b982e042a","ts":0,"tt":0,"td":0,"nn":"","ks":0,"d":false,"ig":null,"ll":{"w":"world","x":-74644.33431067623,"y":94.0,"z":53340.27210159065,"pi":73.39154,"ya":-116.93852},"g":null}