{"u":"54287a65-955e-4b4b-8f09-f6168563d51d","ts":0,"tt":0,"td":0,"nn":"","ks":0,"d":true,"ig":[],"ll":{"w":"world","x":-78.09235775058553,"y":58.0,"z":36.6917440348534,"pi":41.94593,"ya":12.877612},"g":"default"}