{"u":"54e231e9-0f3d-4369-a390-002143aeaafa","ts":0,"tt":0,"td":0,"nn":"","ks":0,"d":true,"ig":[],"ll":{"w":"world","x":-87.69512673975981,"y":82.34919515856797,"z":-60.346454963753,"pi":56.09995,"ya":173.03297},"g":"default"}