{"u":"555a6b0b-efc6-4bae-855b-b1d21ca55d47","ts":0,"tt":0,"td":0,"nn":"","ks":0,"d":true,"ig":[],"ll":{"w":"world","x":-63.97089220846904,"y":205.9621646134759,"z":-34.827135970563305,"pi":214.47249,"ya":-9.218813},"g":"default"}