{"u":"556779e8-d539-4b49-a56c-13873b9e9bef","ts":0,"tt":0,"td":0,"nn":"","ks":0,"d":true,"ig":[],"ll":{"w":"world","x":-689.1445666648693,"y":67.0,"z":664.6999999880791,"pi":-7.65008,"ya":-112.35028},"g":"default"}