{"u":"5579ae3c-a126-4051-9f10-92e5aadb5be9","ts":0,"tt":0,"td":0,"nn":"","ks":0,"d":true,"ig":[],"ll":{"w":"world","x":3168.768976163392,"y":134.6899983978277,"z":2619.7248092909304,"pi":39.449936,"ya":-50.400494},"g":"default"}