{"u":"561006f1-5911-42eb-8670-d7375ec842dd","ts":0,"tt":0,"td":0,"nn":"","ks":0,"d":true,"ig":[],"ll":{"w":"world","x":1541.699999988079,"y":70.0,"z":965.1213321125771,"pi":7.3500023,"ya":-108.750145},"g":"default"}