{"u":"561a4e7d-6ee5-4ed9-b2d7-f57efa27ef57","ts":0,"tt":0,"td":5,"nn":"","ks":0,"d":false,"ig":[],"ll":{"w":"world_nether","x":-1311440.9948596559,"y":137.3074461175148,"z":1314621.3961287434,"pi":9.300026,"ya":139.79976},"g":null}