{"u":"5620752c-a37b-4523-b62c-e3ca0c028dd1","ts":0,"tt":0,"td":0,"nn":"","ks":0,"d":false,"ig":null,"ll":{"w":"world","x":-98.06530112642962,"y":63.0,"z":26.396530587068295,"pi":9.000932,"ya":2.7169962},"g":null}