{"u":"56541477-ff7b-4bc2-9c04-a3911b40b794","ts":0,"tt":0,"td":0,"nn":"","ks":0,"d":true,"ig":[],"ll":{"w":"world_nether","x":-289.8449402628203,"y":112.0,"z":-1.6942994017110282,"pi":55.48585,"ya":85.357086},"g":"default"}