{"u":"56592262-dee7-4b92-93c6-89b9756c59e8","ts":0,"tt":0,"td":0,"nn":"","ks":0,"d":false,"ig":null,"ll":{"w":"world","x":603.1979152013128,"y":65.0,"z":1787.3524436989987,"pi":45.0,"ya":194.3999},"g":null}