{"u":"5687a136-4a8c-4c23-84b3-56f4a8f5bf99","ts":0,"tt":0,"td":0,"nn":"","ks":0,"d":true,"ig":[],"ll":{"w":"world","x":-415.5,"y":66.5625,"z":-3751.5,"pi":2.2500002,"ya":0.90000004},"g":"default"}