{"u":"56a169a4-064b-49ca-b7a3-d1eb46ee2363","ts":0,"tt":0,"td":0,"nn":"","ks":0,"d":true,"ig":[],"ll":{"w":"world_nether","x":10.487164561385631,"y":5.0,"z":6.890290372548352,"pi":13.6501045,"ya":-183.43376},"g":"default"}