{"u":"56db055d-203b-4743-a9be-67844ab901bf","ts":6,"tt":1,"td":6,"nn":"","ks":0,"d":false,"ig":[],"ll":{"w":"world","x":-1053.6744331657646,"y":65.0,"z":345.47751327622484,"pi":21.038908,"ya":-72.49945},"g":null}