{"u":"5760ffa4-6892-4376-b9d3-b47d9f7ac31e","ts":0,"tt":0,"td":0,"nn":"","ks":0,"d":false,"ig":[],"ll":{"w":"world","x":-68.40305153101754,"y":57.09382069130006,"z":34.99338495098449,"pi":24.749922,"ya":179.25012},"g":null}