{"u":"57613272-ed3d-49cc-9d53-94f56281ab01","ts":0,"tt":0,"td":0,"nn":"","ks":0,"d":true,"ig":[],"ll":{"w":"world","x":-91.8920200483691,"y":101.91999908804881,"z":82.34588317528731,"pi":9.449994,"ya":-258.70007},"g":"default"}