{"u":"582596d2-f69b-4b60-ac1d-1d8c941d4916","ts":0,"tt":0,"td":0,"nn":"","ks":0,"d":false,"ig":null,"ll":{"w":"world","x":-83.62681322415852,"y":61.95,"z":28.66024335135949,"pi":24.449945,"ya":-114.000275},"g":null}