{"u":"585eb540-1794-4a0e-af78-abc469cb9da3","ts":0,"tt":0,"td":0,"nn":"","ks":0,"d":true,"ig":[],"ll":{"w":"world","x":-27.091899609070595,"y":62.7924096633692,"z":-1013.1249409674039,"pi":21.981726,"ya":198.3362},"g":"default"}