{"u":"58e42022-b608-4802-b0d4-d2577272633d","ts":0,"tt":0,"td":0,"nn":"","ks":0,"d":true,"ig":[],"ll":{"w":"world","x":-79.32327778286644,"y":62.0,"z":88.56305544128138,"pi":0.15858348,"ya":0.9010315},"g":"default"}