{"u":"59484945-9c4a-43fb-97cd-02ba2076ee80","ts":0,"tt":0,"td":0,"nn":"","ks":0,"d":true,"ig":[],"ll":{"w":"world_nether","x":-5.1852956360716504,"y":112.0,"z":1780.699999988079,"pi":3.4507585,"ya":-6.599873},"g":"default"}