{"u":"59b9a8a8-3433-44bd-bdec-39c43c1c86ec","ts":2,"tt":0,"td":0,"nn":"","ks":0,"d":false,"ig":[],"ll":{"w":"world_nether","x":-1503897.0298755444,"y":128.0,"z":1550688.9651806687,"pi":3.450134,"ya":115.64962},"g":null}