{"u":"5a96a124-dbce-4f16-a861-4292d3d5a0aa","ts":0,"tt":0,"td":0,"nn":"","ks":0,"d":true,"ig":[],"ll":{"w":"world","x":-50.9488205409505,"y":63.0,"z":46.19291999173463,"pi":41.89021,"ya":-195.45},"g":"default"}