{"u":"5aa28abf-cd64-4df9-a86b-2b51e163ce6e","ts":0,"tt":0,"td":0,"nn":"","ks":0,"d":true,"ig":[],"ll":{"w":"world","x":-567.2626535153101,"y":58.26276529519095,"z":5.96946915723658,"pi":10.495317,"ya":-282.55695},"g":"default"}