{"u":"5c01b3bc-b827-4cee-aca3-c5a5e01f37c8","ts":0,"tt":0,"td":0,"nn":"","ks":0,"d":true,"ig":[],"ll":{"w":"world_nether","x":0.7789031392712,"y":16.308966403795495,"z":15.56692205463639,"pi":8.8499155,"ya":92.549774},"g":"default"}