{"u":"5c16e367-27aa-4f57-8940-60e5affe88c9","ts":0,"tt":0,"td":0,"nn":"","ks":0,"d":true,"ig":[],"ll":{"w":"world","x":-83.27257653086636,"y":60.995,"z":86.37826250152762,"pi":34.47173,"ya":-166.50249},"g":"default"}