{"u":"5d1f708a-ec1a-4379-ae61-dc4fe3050791","ts":0,"tt":5,"td":5,"nn":"","ks":0,"d":false,"ig":[],"ll":{"w":"world","x":-118069.51578382768,"y":66.0,"z":-133172.87051936673,"pi":11.400061,"ya":-162.97357},"g":null}