{"u":"5d1f7b59-92cc-4926-a09d-8539ff66c0ea","ts":0,"tt":0,"td":0,"nn":"","ks":0,"d":true,"ig":[],"ll":{"w":"world","x":-74.76241415478579,"y":5.0,"z":74.08423694366168,"pi":-21.449997,"ya":105.89996},"g":"default"}