{"u":"5da256a3-6b1a-4fc0-b58d-9f34348e42f7","ts":0,"tt":0,"td":0,"nn":"","ks":0,"d":false,"ig":null,"ll":{"w":"world","x":-48.07852562354542,"y":63.0,"z":66.32460922196638,"pi":-4.677476,"ya":235.48474},"g":null}