{"u":"5dde5fd2-a6dd-447b-ac9c-3ed0a20897c9","ts":0,"tt":0,"td":0,"nn":"","ks":0,"d":true,"ig":[],"ll":{"w":"world","x":39.03235025910979,"y":4.0,"z":-7.45146962945176,"pi":90.0,"ya":104.549805},"g":"default"}