{"u":"5dfca3a6-90de-40de-8aa1-64bdd1fe69a3","ts":0,"tt":0,"td":0,"nn":"","ks":0,"d":true,"ig":[],"ll":{"w":"world","x":-61.64754354499442,"y":57.99161127392981,"z":50.82685241193021,"pi":10.058209,"ya":-214.40372},"g":"default"}