{"u":"5e007cec-38de-4522-8f3b-fe1e3ff01341","ts":0,"tt":0,"td":0,"nn":"","ks":0,"d":true,"ig":[],"ll":{"w":"world","x":-65.23644644901911,"y":58.0,"z":75.3098305679736,"pi":27.399216,"ya":-66.15004},"g":"default"}