{"u":"5e4eef7c-681a-4eea-93fe-b7db47569cae","ts":0,"tt":0,"td":0,"nn":"","ks":0,"d":true,"ig":[],"ll":{"w":"world","x":-18.66685888991926,"y":133.20000004768372,"z":47.813147912932415,"pi":-15.105828,"ya":-179.83434},"g":"default"}