{"u":"5f277631-329b-43ec-9438-9a9415f4458b","ts":0,"tt":0,"td":0,"nn":"","ks":0,"d":true,"ig":[],"ll":{"w":"world","x":-155.69999998807907,"y":62.0,"z":121.64300885643561,"pi":58.34968,"ya":2.5499308},"g":"default"}