{"u":"5f680a84-84e2-4909-b13f-bbf2af26c9f0","ts":0,"tt":0,"td":0,"nn":"","ks":0,"d":true,"ig":[],"ll":{"w":"world","x":-53.709618353411216,"y":62.0,"z":60.40362843007898,"pi":42.07377,"ya":77.54994},"g":"default"}