{"u":"5fdd3e87-fa90-46d9-97c1-0a33a6929b85","ts":0,"tt":0,"td":0,"nn":"","ks":0,"d":true,"ig":[],"ll":{"w":"world","x":-97.16812265763127,"y":61.0,"z":59.28887853267675,"pi":-18.95397,"ya":-223.34998},"g":"default"}