{"u":"601fedd3-f2ae-4d34-93c8-73b32f6c1f78","ts":16,"tt":0,"td":0,"nn":"","ks":0,"d":false,"ig":[],"ll":{"w":"world","x":6559.47426304035,"y":6.0,"z":54372.35014274988,"pi":14.480135,"ya":-118.77782},"g":null}