{"u":"60261e83-9c3a-4278-b4f5-ff9baa1daa3d","ts":0,"tt":0,"td":0,"nn":"","ks":0,"d":true,"ig":[],"ll":{"w":"world","x":-95.69999998807907,"y":51.67311320060692,"z":91.30000001192093,"pi":-24.035614,"ya":171.03648},"g":"default"}