{"u":"604b470d-fc86-4034-897c-dfa0fd749851","ts":0,"tt":0,"td":0,"nn":"","ks":0,"d":true,"ig":[],"ll":{"w":"world","x":-65.65937656187614,"y":59.0,"z":63.406920322921486,"pi":33.531765,"ya":4.268507},"g":"default"}