{"u":"605d2c35-0af2-4f94-ace6-5ac99f7297ca","ts":0,"tt":0,"td":0,"nn":"","ks":0,"ig":[],"ll":{"w":"world","x":-56.559519873400724,"y":63.0,"z":81.64768387485947,"pi":2.1782126,"ya":-100.35028},"g":"default"}