{"u":"60af7185-b0b0-4d22-9ec6-9b39766c849b","ts":0,"tt":0,"td":0,"nn":"","ks":0,"ig":[],"ll":{"w":"world","x":-107.8298284381156,"y":96.44008385802599,"z":12.832475466664974,"pi":8.562815,"ya":175.79994},"g":"default"}