{"u":"60c83101-646c-45eb-8a98-555c09ff48c1","ts":0,"tt":0,"td":0,"nn":"","ks":0,"d":true,"ig":[],"ll":{"w":"world","x":3505.633548822549,"y":66.0,"z":264.5012422302234,"pi":30.149454,"ya":281.4103},"g":"default"}