{"u":"611928fa-6cae-409b-bf6a-4c1833cf8d8e","ts":0,"tt":0,"td":0,"nn":"","ks":0,"d":false,"ig":[],"ll":{"w":"world","x":-8658.019146446504,"y":14.0,"z":6226.5129900607735,"pi":7.1999755,"ya":209.39998},"g":null}