{"u":"61ad96f4-47b2-4c1b-8bbb-6837c65cdf71","ts":0,"tt":0,"td":0,"nn":"","ks":0,"d":true,"ig":[],"ll":{"w":"world","x":-69.86580006594761,"y":63.0,"z":43.93827261045058,"pi":21.314018,"ya":67.798615},"g":"default"}