{"u":"61af0dfc-10fc-40f9-8524-6b518233af76","ts":0,"tt":0,"td":0,"nn":"","ks":0,"d":true,"ig":[],"ll":{"w":"world","x":-101.69999998807907,"y":56.0,"z":64.687061851917,"pi":45.59999,"ya":256.79987},"g":"default"}