{"u":"62414ac0-8c88-43ec-90fa-2aaf5e8ecf11","ts":2,"tt":0,"td":0,"nn":"","ks":0,"d":true,"ig":[],"ll":{"w":"world","x":122.85960014174549,"y":62.99,"z":71.6740347252012,"pi":27.750061,"ya":275.8496},"g":"default"}