{"u":"62b9289b-17dc-45d6-8d90-846c5ec9199f","ts":0,"tt":0,"td":0,"nn":"","ks":0,"d":true,"ig":null,"ll":{"w":"world","x":-7541.300000011921,"y":14.0,"z":674.5565717644209,"pi":-15.206663,"ya":69.08841},"g":null}