{"u":"62f09533-484b-41e4-b6dc-c7aa996fab45","ts":0,"tt":0,"td":0,"nn":"","ks":0,"d":true,"ig":[],"ll":{"w":"world","x":293.7507184830482,"y":61.0,"z":-478.85378925113685,"pi":9.300141,"ya":39.00088},"g":"default"}