{"u":"636263b6-7c0b-4a74-af1c-04355a93e738","ts":0,"tt":0,"td":0,"nn":"","ks":0,"d":false,"ig":null,"ll":{"w":"world","x":1783.3269973084207,"y":75.0,"z":1460.5145968129589,"pi":-0.19945017,"ya":-128.71234},"g":null}