{"u":"63b46166-cbc2-4e3d-8cb0-c6d1dba109fe","ts":16,"tt":5,"td":0,"nn":"","ks":0,"d":true,"ig":[],"ll":{"w":"world","x":983438.8453033607,"y":119.50957383332641,"z":-997162.7207555679,"pi":22.13181,"ya":-102.53116},"g":null}