{"u":"63c37abf-5e51-4f4b-a516-ae1b63e856f5","ts":0,"tt":0,"td":0,"nn":"","ks":0,"d":true,"ig":[],"ll":{"w":"world_nether","x":-13.656415845337007,"y":51.0,"z":143.11029453930945,"pi":26.475752,"ya":-99.821365},"g":"default"}