{"u":"64016223-c6eb-47f5-9461-040565ae7e6a","ts":0,"tt":0,"td":0,"nn":"","ks":0,"d":true,"ig":[],"ll":{"w":"world","x":-57.503292174156954,"y":53.61611391192092,"z":91.30000001192093,"pi":32.250435,"ya":-183.90004},"g":"default"}