{"u":"646db269-6169-4c5c-b630-9175c4aaf833","ts":0,"tt":0,"td":0,"nn":"","ks":0,"d":true,"ig":[],"ll":{"w":"world","x":129.393636011221,"y":121.54000076293842,"z":-25.062566919763984,"pi":61.913006,"ya":314.0383},"g":"default"}