{"u":"646d58f5-f977-4377-a1a1-6736c908b0fd","ts":16,"tt":5,"td":4,"nn":"","ks":0,"d":false,"ig":[],"ll":{"w":"world","x":-4810690.689975351,"y":80.875,"z":9823538.80920771,"pi":26.699995,"ya":-115.749954},"g":null}