{"u":"647d3a58-12e6-4f80-8d56-5bf2840e9bb1","ts":0,"tt":0,"td":0,"nn":"","ks":0,"d":true,"ig":[],"ll":{"w":"world","x":-33.283176874909984,"y":50.0,"z":74.95724067088847,"pi":30.893604,"ya":-144.00003},"g":"default"}