{"u":"6645e6fe-5355-4389-a9c2-0b8c54f4d038","ts":0,"tt":0,"td":0,"nn":"","ks":0,"d":true,"ig":[],"ll":{"w":"world","x":742.4245042929307,"y":62.99,"z":443.75769615323765,"pi":7.030397,"ya":-39.150017},"g":"default"}