{"u":"668116bc-f0f5-42a9-a13f-ba11563e7192","ts":0,"tt":0,"td":0,"nn":"","ks":1,"d":true,"ig":[],"ll":{"w":"world","x":29.299421530323684,"y":4.0,"z":-28.15067652080766,"pi":-64.48727,"ya":304.0661},"g":"default"}