{"u":"6686c283-3d07-4dc4-bf3d-c8f360ff1f6a","ts":0,"tt":1,"td":5,"nn":"","ks":0,"d":false,"ig":[],"ll":{"w":"world","x":-8613.334853842956,"y":128.9332167338671,"z":-3371.327859457233,"pi":89.11671,"ya":182.49806},"g":null}