{"u":"66a0682a-01c6-44e6-959d-11153c50bbad","ts":0,"tt":0,"td":0,"nn":"","ks":0,"d":true,"ig":[],"ll":{"w":"world","x":-100.33663262531404,"y":83.85714285714327,"z":47.06794073358428,"pi":3.287938,"ya":-196.05},"g":"default"}