{"u":"676dba14-f8be-4023-9430-b69ee608d624","ts":0,"tt":0,"td":0,"nn":"","ks":0,"d":true,"ig":[],"ll":{"w":"world","x":-167.58222209485683,"y":63.0,"z":443.7686081070525,"pi":0.9512821,"ya":107.21806},"g":"default"}