{"u":"6789af0e-eed4-4be5-af27-cfcebfa50552","ts":0,"tt":0,"td":0,"nn":"","ks":0,"d":true,"ig":[],"ll":{"w":"world","x":-94.28331450369062,"y":52.858409784270954,"z":93.69999998807907,"pi":37.647224,"ya":-312.82297},"g":"default"}