{"u":"67e2023e-c696-4dfd-83d3-24e3ca1d0086","ts":0,"tt":0,"td":0,"nn":"","ks":0,"d":false,"ig":null,"ll":{"w":"world","x":-1001841.8858096923,"y":63.0,"z":1021728.9486105462,"pi":38.47652,"ya":240.51625},"g":null}