{"u":"68c6d9e2-7d8c-44b3-afcd-da7f25784d17","ts":0,"tt":0,"td":0,"nn":"","ks":0,"d":true,"ig":[],"ll":{"w":"world","x":-94.71111891161357,"y":77.91428576196971,"z":16.094927114655135,"pi":-12.143965,"ya":130.6783},"g":"default"}