{"u":"6928453f-0028-499b-b564-5442a6882877","ts":0,"tt":0,"td":0,"nn":"","ks":0,"d":true,"ig":[],"ll":{"w":"world","x":-12.629381603460727,"y":58.546509993591336,"z":86.78607490853841,"pi":53.250084,"ya":-30.900284},"g":"default"}