{"u":"694968b6-df28-44ba-b736-c0bc72980f1c","ts":0,"tt":0,"td":0,"nn":"","ks":0,"d":true,"ig":[],"ll":{"w":"world","x":9.483359615530723,"y":59.35767034276568,"z":104.20463848785866,"pi":11.999992,"ya":-11.550114},"g":"default"}