{"u":"697fbdb4-f82e-4a4f-b1f0-04dd3a68ab1e","ts":0,"tt":0,"td":0,"nn":"","ks":0,"d":true,"ig":[],"ll":{"w":"world","x":137.33667695173756,"y":62.9999,"z":166.09261970068783,"pi":12.617141,"ya":-15.749965},"g":"default"}