{"u":"698e50b5-c678-47a2-9793-9c8e07c85e22","ts":0,"tt":0,"td":0,"nn":"","ks":0,"d":true,"ig":[],"ll":{"w":"world","x":-78.5,"y":63.0,"z":41.5,"pi":-0.2799065,"ya":5.6999807},"g":"default"}