{"u":"69ea7cfb-c791-422c-b5f2-394677478139","ts":0,"tt":0,"td":0,"nn":"","ks":0,"d":true,"ig":[],"ll":{"w":"world_nether","x":-13.952629970529397,"y":76.0,"z":-976.9789796437115,"pi":25.800169,"ya":235.50098},"g":"default"}