{"u":"6a9aca56-292e-4c7d-aebc-0178a2399edd","ts":0,"tt":0,"td":0,"nn":"","ks":0,"d":false,"ig":null,"ll":{"w":"world","x":-10890.237500011921,"y":62.0,"z":-67898.44351303855,"pi":1.9199219,"ya":26.590551},"g":null}