{"u":"6aab60cc-d238-4877-8105-ea232f7ceb15","ts":0,"tt":0,"td":0,"nn":"","ks":0,"d":false,"ig":[],"ll":{"w":"world_the_end","x":-519798.5069538004,"y":63.39799999999994,"z":842923.0799936617,"pi":25.865023,"ya":7.3276086},"g":null}