{"u":"6b4ab7e1-a0d1-4509-a584-efa12390656a","ts":0,"tt":0,"td":0,"nn":"","ks":0,"d":true,"ig":[],"ll":{"w":"world","x":539.0073309579716,"y":64.0,"z":547.0073243236848,"pi":12.138897,"ya":-44.999622},"g":"default"}