{"u":"6c302fff-a4e1-4c58-8c67-a75b913e6761","ts":0,"tt":0,"td":0,"nn":"","ks":1,"d":true,"ig":[],"ll":{"w":"world_nether","x":0.5365184747836906,"y":54.0,"z":1.5,"pi":89.099976,"ya":271.95068},"g":"default"}