{"u":"6d23e5f3-d06a-4c3a-97ff-70030e9ec582","ts":0,"tt":0,"td":0,"nn":"","ks":0,"d":true,"ig":[],"ll":{"w":"world","x":-70.36555301424568,"y":57.865495474946954,"z":9.115131050800624,"pi":-5.3988423,"ya":-49.876587},"g":"default"}