{"u":"6d967677-2fc3-4b67-85c0-06c53cda8975","ts":0,"tt":0,"td":0,"nn":"","ks":0,"d":true,"ig":[],"ll":{"w":"world","x":-85.30000001192093,"y":59.0,"z":101.91130525113664,"pi":20.585367,"ya":-116.07725},"g":"default"}