{"u":"6dc5c081-81e5-45fd-bc03-1fd2fe282d80","ts":0,"tt":0,"td":0,"nn":"","ks":0,"d":true,"ig":[],"ll":{"w":"world","x":12291.600517672538,"y":83.0,"z":-11350.286851276926,"pi":-113.259254,"ya":18.450125},"g":"default"}