{"u":"6dde1f5a-0c80-446c-ac60-654aa91b8d7b","ts":0,"tt":0,"td":0,"nn":"","ks":0,"d":false,"ig":null,"ll":{"w":"world","x":-66.67524560074777,"y":64.0,"z":30.653809541032732,"pi":40.050117,"ya":75.60025},"g":null}