{"u":"6f146267-3d19-49e9-b636-39940eb6ba70","ts":0,"tt":0,"td":0,"nn":"","ks":0,"d":true,"ig":[],"ll":{"w":"world","x":-71.4774271301829,"y":60.0,"z":29.699999988079075,"pi":18.252405,"ya":327.32663},"g":"default"}