{"u":"6f3ad1ce-af94-4004-8a4f-91b78c741b58","ts":0,"tt":0,"td":0,"nn":"","ks":0,"d":true,"ig":[],"ll":{"w":"world","x":1.4117209447685084,"y":57.19255161541486,"z":22.867971628492295,"pi":49.520546,"ya":-116.33478},"g":"default"}