{"u":"6f6db9b6-0c02-4287-bf82-88e641bebbd8","ts":0,"tt":0,"td":0,"nn":"","ks":0,"d":true,"ig":[],"ll":{"w":"world","x":-90.83187787113367,"y":61.0,"z":64.45674882796436,"pi":-8.699997,"ya":-207.44981},"g":"default"}