{"u":"6f92b7c5-bfc3-4dea-afcb-5bd07ce79187","ts":2,"tt":7,"td":0,"nn":"","ks":0,"d":true,"ig":[],"ll":{"w":"world","x":-509763.5,"y":96.0,"z":-956846.5,"pi":3.0283976,"ya":191.96385},"g":null}