{"u":"702cfa4a-fe7f-41da-9c1e-5d66a29d6a8f","ts":0,"tt":0,"td":0,"nn":"","ks":0,"d":true,"ig":[],"ll":{"w":"world","x":-19.885772963008034,"y":5.0,"z":-15.328377520377924,"pi":0.0,"ya":60.0},"g":"default"}