{"u":"718e3d30-4da4-4bd5-b3fe-97f5db79debe","ts":0,"tt":0,"td":0,"nn":"","ks":0,"d":true,"ig":[],"ll":{"w":"world","x":-69.74384381656171,"y":60.0,"z":31.45165459650374,"pi":26.27082,"ya":-201.70251},"g":"default"}