{"u":"720ac9c2-e735-4d8c-9644-a1e4336f8f45","ts":0,"tt":0,"td":0,"nn":"","ks":0,"d":true,"ig":[],"ll":{"w":"world","x":-95.9807772115886,"y":53.0,"z":100.22654021773559,"pi":22.291513,"ya":-142.6025},"g":"default"}