{"u":"7235fdff-71a6-42e4-a124-975d596ada4f","ts":0,"tt":0,"td":0,"nn":"","ks":0,"d":true,"ig":[],"ll":{"w":"world","x":-669.8444031610512,"y":63.574447992136015,"z":396.30000001192093,"pi":28.799944,"ya":127.651764},"g":"default"}