{"u":"7278c6fc-7cec-400a-bcc0-4f090f96ada6","ts":0,"tt":0,"td":0,"nn":"","ks":0,"d":true,"ig":[],"ll":{"w":"world","x":345.8009244791159,"y":65.0,"z":4011.43226306477,"pi":23.272663,"ya":-216.3432},"g":"default"}