{"u":"72da9604-3160-48d3-bb96-8b1a685169a3","ts":0,"tt":0,"td":0,"nn":"","ks":0,"d":true,"ig":[],"ll":{"w":"world_nether","x":69.46332505675741,"y":113.49468605552647,"z":46.51893578589113,"pi":-12.217218,"ya":228.86696},"g":"default"}