{"u":"735e5a36-d1f2-45de-ade1-2a6e4b652fdb","ts":0,"tt":0,"td":0,"nn":"","ks":0,"d":true,"ig":[],"ll":{"w":"world","x":-261.0828141462675,"y":58.0,"z":334.1012773405979,"pi":24.864199,"ya":-256.33463},"g":"default"}