{"u":"73af2c1a-0e09-4fbd-9282-da33ce651b82","ts":0,"tt":0,"td":0,"nn":"","ks":0,"d":true,"ig":[],"ll":{"w":"world","x":-95.4277734812759,"y":63.0,"z":116.05633596709006,"pi":42.47732,"ya":77.60282},"g":"default"}