{"u":"742a9c33-2031-410b-97a1-69c228c1cbea","ts":0,"tt":0,"td":0,"nn":"","ks":0,"d":true,"ig":[],"ll":{"w":"world","x":-74.69999998807907,"y":30.0,"z":74.52345044147602,"pi":-0.7392724,"ya":-255.43958},"g":"default"}