{"u":"74ba699a-5c22-4bb8-83af-7940ab8c7e56","ts":0,"tt":0,"td":0,"nn":"","ks":0,"d":true,"ig":[],"ll":{"w":"world","x":-44.159980044532205,"y":62.0,"z":39.842454364277415,"pi":6.5707765,"ya":170.24994},"g":"default"}