{"u":"74bddd14-6943-4457-946a-eaa9d649fbd6","ts":0,"tt":0,"td":0,"nn":"","ks":0,"d":true,"ig":[],"ll":{"w":"world","x":2.6062136285068425,"y":62.485200877005916,"z":124.47986894410012,"pi":19.4344,"ya":325.4828},"g":"default"}