{"u":"763d4132-2d93-48a5-9d66-97e1484677bd","ts":0,"tt":0,"td":0,"nn":"","ks":0,"d":true,"ig":[],"ll":{"w":"world","x":-905.8865185021995,"y":63.002500000000005,"z":1370.5819490781844,"pi":10.504753,"ya":-328.1959},"g":"default"}