{"u":"76455087-0eb6-4508-a5fc-e03d02886d5d","ts":0,"tt":0,"td":0,"nn":"","ks":0,"d":true,"ig":[],"ll":{"w":"world","x":-90.07899022278923,"y":64.19849978979411,"z":61.02647682680662,"pi":18.230633,"ya":167.67232},"g":"default"}