{"u":"764aeede-ad60-4718-8b44-f79f42ac873a","ts":0,"tt":2,"td":0,"nn":"","ks":0,"d":true,"ig":[],"ll":{"w":"world_the_end","x":-477498.38478120224,"y":1.0,"z":816193.3718667716,"pi":19.727697,"ya":89.990906},"g":"default"}