{"u":"767d1937-d0c5-4252-8d5d-a9a17b4476dc","ts":0,"tt":0,"td":0,"nn":"","ks":0,"d":true,"ig":[],"ll":{"w":"world_nether","x":161.94128999349564,"y":92.0,"z":-717.4941511850959,"pi":61.8,"ya":-70.65003},"g":"default"}