{"u":"76df032b-5825-408d-83ad-ee22ab5bff13","ts":0,"tt":0,"td":0,"nn":"","ks":0,"d":true,"ig":[],"ll":{"w":"world","x":-47.69999998807907,"y":53.0,"z":61.32292855630097,"pi":19.119144,"ya":39.96399},"g":"default"}