{"u":"774b6d9f-c36d-48e7-9497-532d6e412ebe","ts":0,"tt":0,"td":0,"nn":"","ks":0,"d":true,"ig":[],"ll":{"w":"world","x":-96.67885364897782,"y":55.0,"z":74.61789849786412,"pi":34.806744,"ya":37.13424},"g":"default"}