{"u":"778108ca-00ba-4e62-a409-4174eb768324","ts":0,"tt":0,"td":0,"nn":"","ks":0,"d":true,"ig":[],"ll":{"w":"world","x":-207.5469694135103,"y":91.05193453602398,"z":-222.95219893487825,"pi":40.049564,"ya":174.69849},"g":"default"}