{"u":"77dcc785-50fb-46ac-8694-b7dfd6b423cd","ts":0,"tt":0,"td":0,"nn":"","ks":0,"d":true,"ig":[],"ll":{"w":"world","x":-48.37930324839079,"y":64.0,"z":69.43899090776738,"pi":7.6982837,"ya":-118.76117},"g":"default"}