{"u":"77e65e0c-3cea-445d-bcc7-ccce16a70b4f","ts":0,"tt":0,"td":0,"nn":"","ks":0,"d":false,"ig":[],"ll":{"w":"world","x":-130.76669516641294,"y":60.0,"z":-50461.493388822026,"pi":49.649784,"ya":-146.57442},"g":null}