{"u":"782dfd9a-3710-4097-bdd1-7af22e3a02c4","ts":0,"tt":0,"td":0,"nn":"","ks":0,"d":true,"ig":[],"ll":{"w":"world","x":-70.65259192080129,"y":52.67633976431406,"z":36.68395297978881,"pi":28.62592,"ya":208.80006},"g":"default"}