{"u":"787a1b13-7af7-453a-acbf-3a789b9c29b9","ts":0,"tt":0,"td":0,"nn":"","ks":0,"d":false,"ig":[],"ll":{"w":"world","x":-94.4765150463227,"y":120.30543845175121,"z":11.08894501217675,"pi":84.661896,"ya":-258.1576},"g":"default"}