{"u":"7884832f-53b8-4aa9-8171-bbe8830cf1ab","ts":0,"tt":0,"td":0,"nn":"","ks":0,"d":true,"ig":[],"ll":{"w":"world","x":1225.0833956019894,"y":64.0,"z":640.2331633102613,"pi":30.45,"ya":-75.75006},"g":"default"}