{"u":"78fc8d88-3f13-442d-aa68-67c8ed9883f7","ts":0,"tt":0,"td":0,"nn":"","ks":0,"d":true,"ig":[],"ll":{"w":"world","x":-88.10619397685696,"y":64.0,"z":110.22562873569989,"pi":9.176517,"ya":9.675693},"g":"default"}