{"u":"790f2a19-73d6-46f2-ac45-0a21c4cc9ce1","ts":0,"tt":0,"td":0,"nn":"","ks":0,"d":false,"ig":null,"ll":{"w":"world","x":983293.8792974426,"y":80.0,"z":-997166.1582785198,"pi":39.259686,"ya":8.6495075},"g":null}