{"u":"7a90de8c-d410-40cb-8a6f-8101f87cc4c2","ts":0,"tt":0,"td":0,"nn":"","ks":0,"d":true,"ig":[],"ll":{"w":"world_nether","x":1.9024500141353329,"y":8.0,"z":124.6396505221383,"pi":85.83943,"ya":-8.921204},"g":"default"}