{"u":"7ab58445-b9b3-4467-80ce-25904e899070","ts":0,"tt":0,"td":0,"nn":"","ks":0,"d":true,"ig":[],"ll":{"w":"world","x":-536.9988099898487,"y":56.11406570365479,"z":139.03308492856956,"pi":53.099937,"ya":122.84978},"g":"default"}