{"u":"7abb8c8b-dc6b-4a42-92de-73cc690edb4f","ts":0,"tt":0,"td":0,"nn":"","ks":0,"d":true,"ig":[],"ll":{"w":"world","x":-210.35840746688996,"y":2.0,"z":-61.66708798751058,"pi":9.299997,"ya":291.72864},"g":"default"}