{"u":"7ad7cd40-44fb-4963-ae99-74ae4384a8de","ts":0,"tt":0,"td":0,"nn":"","ks":0,"d":true,"ig":[],"ll":{"w":"world","x":17654.657020091287,"y":79.0,"z":-1477.5720536890374,"pi":4.950001,"ya":1.3468684},"g":"default"}