{"u":"7aeb0e55-7255-4eff-8be1-0fdda0ac1d8d","ts":0,"tt":0,"td":0,"nn":"","ks":4,"d":true,"ig":[],"ll":{"w":"world","x":-51058.99360502394,"y":75.0,"z":-195.9886510175996,"pi":12.79666,"ya":-266.06805},"g":"default"}