{"u":"7b48bcd2-65c4-46c1-9ae2-e29f58ee8344","ts":0,"tt":0,"td":0,"nn":"","ks":0,"d":true,"ig":[],"ll":{"w":"world_nether","x":-19.14145727921695,"y":37.0,"z":22.83017193403552,"pi":22.677956,"ya":80.76316},"g":"default"}