{"u":"7b521512-6624-4b92-a64e-6502edf0bda8","ts":0,"tt":0,"td":0,"nn":"","ks":0,"d":true,"ig":[],"ll":{"w":"world","x":-76.3053728521246,"y":62.0,"z":88.84317891370205,"pi":10.940963,"ya":289.35},"g":"default"}