{"u":"7be7106a-55cb-448d-94d7-953c6d79dd4a","ts":0,"tt":0,"td":0,"nn":"","ks":0,"d":true,"ig":[],"ll":{"w":"world","x":983293.232049267,"y":79.0,"z":-997174.6638779595,"pi":7.392686,"ya":237.81274},"g":"default"}