{"u":"7c20cc28-e4bc-4a39-a6ed-7f05fa317292","ts":0,"tt":0,"td":0,"nn":"","ks":0,"d":true,"ig":[],"ll":{"w":"world","x":162.90320339355486,"y":78.0,"z":-1677.3244173852963,"pi":40.049606,"ya":227.02798},"g":"default"}