{"u":"7c31556e-6eb2-44e7-a5d5-5ca0cc4196a9","ts":0,"tt":0,"td":0,"nn":"","ks":0,"d":true,"ig":[],"ll":{"w":"world_nether","x":-35.429278267797066,"y":118.98339999999945,"z":4.253944665582928,"pi":15.764382,"ya":0.90025115},"g":"default"}