{"u":"7c5657bd-17f3-43b6-80cb-cf0065337471","ts":0,"tt":0,"td":0,"nn":"","ks":0,"d":false,"ig":null,"ll":{"w":"world","x":-98.1996435328829,"y":61.0,"z":59.386730381568924,"pi":-2.2499962,"ya":-173.84999},"g":null}