{"u":"7c5d9492-2b6a-42c8-b9cf-19b705e19f52","ts":0,"tt":0,"td":0,"nn":"","ks":0,"d":false,"ig":[],"ll":{"w":"world_nether","x":89.30000001192093,"y":3.3333406170817463,"z":56.42751696204969,"pi":21.600014,"ya":114.15003},"g":null}