{"u":"7c622369-5cfe-412e-982f-78d7b8d4a17d","ts":0,"tt":0,"td":0,"nn":"","ks":0,"d":false,"ig":null,"ll":{"w":"world_nether","x":123845.36649364329,"y":232.0,"z":-124410.18434175447,"pi":32.19055,"ya":-198.31747},"g":null}