{"u":"7cb122dc-c736-4754-9e8c-08c09122f7bd","ts":0,"tt":0,"td":0,"nn":"","ks":1,"d":true,"ig":[],"ll":{"w":"world","x":-98.15933316780078,"y":61.0,"z":59.35228561740625,"pi":24.449959,"ya":-196.648},"g":"default"}