{"u":"7cfc3e0d-d26d-4f57-9716-63b427700461","ts":0,"tt":0,"td":0,"nn":"","ks":0,"d":true,"ig":[],"ll":{"w":"world","x":-95.49991981920029,"y":63.0,"z":61.677836903373475,"pi":14.7000265,"ya":97.800026},"g":"default"}