{"u":"7d5f2e8e-d8a7-4f10-801d-45d540d6051f","ts":0,"tt":0,"td":0,"nn":"","ks":0,"d":true,"ig":[],"ll":{"w":"world","x":34.60608770215098,"y":5.0,"z":-16.138209835788423,"pi":32.987103,"ya":-199.95001},"g":"default"}