{"u":"7d669b13-fc4a-4619-a3d7-ef5ee4c45339","ts":0,"tt":0,"td":0,"nn":"","ks":0,"d":true,"ig":[],"ll":{"w":"world","x":-80.16564831659379,"y":60.016367150029794,"z":29.854887893593894,"pi":0.75001013,"ya":99.89989},"g":"default"}