{"u":"7d93a6f4-60f2-41e2-9aca-bb88eb9044a6","ts":0,"tt":0,"td":0,"nn":"","ks":0,"d":true,"ig":[],"ll":{"w":"world","x":-97.72543687344185,"y":58.76636799395752,"z":75.01064726441743,"pi":35.99614,"ya":74.724335},"g":"default"}