{"u":"7db12c70-d325-4305-ae71-2b500839d4eb","ts":0,"tt":0,"td":0,"nn":"","ks":0,"d":true,"ig":[],"ll":{"w":"world","x":-290.34435614345,"y":60.0,"z":1116.300000011921,"pi":6.3862834,"ya":-89.11329},"g":"default"}