{"u":"7de2590c-256d-4256-9cef-3b08a4bb58cf","ts":0,"tt":0,"td":0,"nn":"","ks":0,"d":true,"ig":[],"ll":{"w":"world","x":-97.40896126744873,"y":61.95,"z":19.635313185862643,"pi":-61.528713,"ya":47.55},"g":"default"}