{"u":"7e24557f-fa48-4a3d-a01a-11e449fe2ce3","ts":0,"tt":0,"td":0,"nn":"","ks":0,"d":true,"ig":[],"ll":{"w":"world","x":-86.44962270791106,"y":80.0,"z":32.46996795084603,"pi":-46.845684,"ya":55.30269},"g":"default"}