{"u":"7e64d8b9-537e-448f-a2e3-e75eb2e445ed","ts":0,"tt":0,"td":0,"nn":"","ks":0,"d":true,"ig":[],"ll":{"w":"world","x":73.92984129088853,"y":63.0,"z":65.40928951313353,"pi":37.732544,"ya":261.97058},"g":"default"}