{"u":"7f2b82ce-7563-4faa-8e58-cb29a05b4217","ts":0,"tt":0,"td":0,"nn":"","ks":0,"d":true,"ig":[],"ll":{"w":"world","x":-70.31791251827259,"y":61.0,"z":69.50456307204907,"pi":-2.6466913,"ya":-89.60687},"g":"default"}