{"u":"7f8cdea1-13af-437f-8171-a89e69bf7c35","ts":6,"tt":1,"td":0,"nn":"","ks":89,"d":true,"ig":[],"ll":{"w":"world","x":-1041745.6999999881,"y":83.0,"z":-844186.3050374489,"pi":18.685633,"ya":-62.06979},"g":"default"}