{"u":"7f9d996a-e2e3-4849-ba70-ff23190ba99a","ts":0,"tt":0,"td":0,"nn":"","ks":0,"d":true,"ig":[],"ll":{"w":"world","x":-4456.3473401480205,"y":65.0,"z":-13.841376659878035,"pi":14.880054,"ya":124.696304},"g":"default"}