{"u":"7faadbc5-a24e-4bf2-888c-3977d408732c","ts":0,"tt":0,"td":0,"nn":"","ks":0,"d":true,"ig":[],"ll":{"w":"world","x":-72.24854626593341,"y":59.0,"z":65.50601935538937,"pi":53.700024,"ya":153.14989},"g":"default"}