{"u":"800c8f96-e76c-42b0-8416-fd1b3d89aefc","ts":0,"tt":0,"td":0,"nn":"","ks":0,"d":true,"ig":[],"ll":{"w":"world","x":18.07329763315694,"y":17.168041407221292,"z":-20.83667630058947,"pi":23.099464,"ya":-195.4512},"g":"default"}