{"u":"802fc2b4-1458-411c-ac1e-4766abedf012","ts":0,"tt":0,"td":0,"nn":"","ks":4,"d":true,"ig":[],"ll":{"w":"world","x":-26.267085368507857,"y":107.0,"z":-5.18832072294383,"pi":32.78965,"ya":-162.80658},"g":"default"}