{"u":"807f284c-bc8b-4c9f-a36e-d320db20a86d","ts":0,"tt":0,"td":0,"nn":"","ks":0,"d":true,"ig":[],"ll":{"w":"world","x":-2683.911198002358,"y":78.92664956453753,"z":969.1675233801769,"pi":-5.752731,"ya":200.86072},"g":"default"}