{"u":"80e32a20-4d0f-4dc3-9c1d-4afc3949019f","ts":0,"tt":0,"td":0,"nn":"","ks":0,"d":true,"ig":[],"ll":{"w":"world","x":-56.69999998807907,"y":3.0,"z":99.27490770511388,"pi":12.159477,"ya":80.02232},"g":"default"}