{"u":"80f52245-1949-4280-9a28-9be778fb11d4","ts":0,"tt":0,"td":0,"nn":"","ks":0,"d":false,"ig":[],"ll":{"w":"world","x":2703.1578879041704,"y":78.0,"z":660.7342691900124,"pi":47.999996,"ya":324.3874},"g":null}