{"u":"819c01ca-2ec3-461c-bee8-2a7e59f893c0","ts":0,"tt":0,"td":0,"nn":"","ks":0,"d":true,"ig":[],"ll":{"w":"world","x":47.31915422183884,"y":65.0,"z":146.343528707855,"pi":-1.1215434,"ya":3.1501963},"g":"default"}