{"u":"81aedc7a-ac0d-4929-aba2-b60e2bdd357a","ts":2,"tt":0,"td":0,"nn":"","ks":0,"d":false,"ig":null,"ll":{"w":"world","x":-281.9138626437438,"y":58.0,"z":3.1045322574592067,"pi":-1.3928612,"ya":54.334854},"g":null}