{"u":"81d41d59-bee6-4d0d-85b9-75f559119005","ts":0,"tt":0,"td":0,"nn":"","ks":0,"d":true,"ig":[],"ll":{"w":"world","x":2969.9837109053647,"y":62.073264667783306,"z":-114.62379946236422,"pi":-12.300191,"ya":-86.06056},"g":"default"}