{"u":"82528033-a5cb-45c7-a7bb-9ee37de5df33","ts":0,"tt":0,"td":0,"nn":"","ks":0,"d":true,"ig":[],"ll":{"w":"world","x":466.41353919076425,"y":71.0,"z":-31707.84632743299,"pi":11.522294,"ya":135.60004},"g":"default"}