{"u":"82c54d84-c16e-427a-9646-e7edc54570ea","ts":0,"tt":0,"td":0,"nn":"","ks":0,"d":true,"ig":[],"ll":{"w":"world","x":178.26432555180193,"y":52.0,"z":154.86822038412876,"pi":5.7001166,"ya":124.0512},"g":"default"}