{"u":"8311dd3b-6742-4206-878a-5fa2cb3d4875","ts":0,"tt":0,"td":0,"nn":"","ks":0,"d":true,"ig":[],"ll":{"w":"world","x":57.366202459766924,"y":252.0,"z":77.12554400558102,"pi":19.049978,"ya":-0.14999135},"g":"default"}