{"u":"8333742f-4785-4942-8c45-98841b84b4f7","ts":0,"tt":0,"td":0,"nn":"","ks":0,"d":true,"ig":[],"ll":{"w":"world","x":-95.5,"y":70.0,"z":36.5,"pi":7.765151,"ya":-13.044412},"g":"default"}