{"u":"838e184b-3971-4592-afdc-7e9e95ed63bb","ts":0,"tt":11,"td":0,"nn":".?5die?r","ks":0,"d":true,"ig":[],"ll":{"w":"world","x":1.1613484726952024E7,"y":6.0,"z":-1.3617442824177567E7,"pi":-90.0,"ya":21.69593},"g":"bit-master"}