{"u":"842f2985-5dc2-4c6d-aa91-73c3823120ec","ts":0,"tt":0,"td":0,"nn":"","ks":0,"d":true,"ig":[],"ll":{"w":"world","x":-117.69999998807907,"y":20.0,"z":116.69999998807907,"pi":58.350033,"ya":19.350151},"g":"default"}