{"u":"84465dd5-9e67-4c8c-9387-91fbdce34080","ts":10,"tt":1,"td":0,"nn":"","ks":0,"d":true,"ig":[],"ll":{"w":"world","x":-10884.59635289644,"y":63.0,"z":-67897.48409867397,"pi":20.115301,"ya":-327.8279},"g":"default"}