{"u":"8464db1c-5743-42c1-9558-e55a88248b38","ts":0,"tt":0,"td":0,"nn":"","ks":0,"d":true,"ig":[],"ll":{"w":"world","x":3.3000000119209254,"y":76.0,"z":-286.72846313359184,"pi":25.949974,"ya":121.34006},"g":"default"}