{"u":"8493fd0f-096d-4a21-98a9-7640fb8f03a3","ts":0,"tt":0,"td":0,"nn":"","ks":0,"d":true,"ig":[],"ll":{"w":"world","x":-77.66493742752562,"y":43.0,"z":55.470860428998485,"pi":-17.100002,"ya":-62.376022},"g":"default"}