{"u":"8498214b-941f-4d30-8644-84c71779df25","ts":0,"tt":0,"td":0,"nn":"","ks":0,"d":true,"ig":[],"ll":{"w":"world","x":-64.43911292198707,"y":64.0,"z":31.312987153981368,"pi":35.36403,"ya":-164.90187},"g":"default"}