{"u":"849bd1b9-a166-4d8d-a0d2-0dd6f4ef8128","ts":0,"tt":0,"td":0,"nn":"","ks":0,"d":true,"ig":[],"ll":{"w":"world","x":-3865.6972415653163,"y":74.0,"z":-154429.98324131797,"pi":16.500443,"ya":41.700024},"g":"default"}