{"u":"849fbb33-bb4a-450c-9d97-c585fdedc8d2","ts":0,"tt":0,"td":0,"nn":"","ks":0,"d":true,"ig":[],"ll":{"w":"world","x":-85.80067678837105,"y":67.0,"z":56.23506338121471,"pi":21.621876,"ya":-229.4296},"g":"default"}