{"u":"84fa141e-fdfb-4a9c-83dd-1209f924f4a6","ts":0,"tt":0,"td":0,"nn":"","ks":0,"d":true,"ig":[],"ll":{"w":"world","x":-64.11959476499761,"y":60.166109260938214,"z":88.60682151750531,"pi":14.100013,"ya":-17.2377},"g":"default"}