{"u":"85c3bc68-42a9-49e7-93d0-b5378b34cbde","ts":0,"tt":0,"td":0,"nn":"","ks":0,"d":true,"ig":[],"ll":{"w":"world","x":-87.69999998807907,"y":64.0,"z":109.05080545845047,"pi":3.880939,"ya":35.938225},"g":"default"}