{"u":"86c125b2-ab60-43e4-9706-3bedc5a28917","ts":0,"tt":0,"td":0,"nn":"","ks":0,"d":true,"ig":[],"ll":{"w":"world","x":4952.116867673265,"y":66.0,"z":97516.364492508,"pi":14.038126,"ya":-94.784424},"g":"default"}