{"u":"86d32dc9-fb49-4e5f-8e5b-191930ec9b41","ts":0,"tt":0,"td":0,"nn":"","ks":0,"d":true,"ig":[],"ll":{"w":"world","x":440.47707231121507,"y":46.64901971245362,"z":540.2130938584941,"pi":29.700062,"ya":359.09802},"g":"default"}