{"u":"8738d75f-5e24-4166-9031-50be37dcb846","ts":0,"tt":0,"td":0,"nn":"","ks":0,"d":true,"ig":[],"ll":{"w":"world","x":50.758468033408995,"y":63.11124541790252,"z":-9309.361313295894,"pi":25.89157,"ya":-8.689208},"g":"default"}