{"u":"87811f9e-e6bd-41d2-9437-95b8296f408b","ts":0,"tt":0,"td":0,"nn":"","ks":0,"d":true,"ig":[],"ll":{"w":"world","x":-79.00009618037554,"y":59.5885354418468,"z":32.357871493875436,"pi":3.9085486,"ya":43.10682},"g":"default"}