{"u":"878a2d5a-74ba-4ff5-8063-138d07ae3605","ts":0,"tt":0,"td":0,"nn":"","ks":0,"d":true,"ig":[],"ll":{"w":"world","x":49.74421445724301,"y":3.0,"z":-136.30000001192093,"pi":16.568874,"ya":-7.049983},"g":"default"}