{"u":"879d4d3b-d6bb-4fe1-b776-15743b135dc5","ts":0,"tt":0,"td":0,"nn":"","ks":0,"d":true,"ig":[],"ll":{"w":"world","x":-97.64266479965237,"y":65.0,"z":120.63429978518283,"pi":33.750004,"ya":-340.57672},"g":"default"}