{"u":"887fd6cb-c1e1-410d-9f76-79987d08a47a","ts":0,"tt":0,"td":0,"nn":"","ks":0,"d":true,"ig":[],"ll":{"w":"world","x":21187.056811673556,"y":67.0,"z":2438.34419360375,"pi":10.799945,"ya":-199.94122},"g":"default"}