{"u":"89ba8bc0-7254-428b-ad49-5226024da660","ts":0,"tt":0,"td":0,"nn":"","ks":0,"d":false,"ig":[],"ll":{"w":"world","x":21.30000001192093,"y":134.0,"z":143.41610234327732,"pi":15.599963,"ya":84.14992},"g":null}