{"u":"89e854e4-7600-4d32-8dea-47437542b67f","ts":0,"tt":0,"td":0,"nn":"","ks":0,"d":false,"ig":[],"ll":{"w":"world","x":15922.75949386684,"y":64.0,"z":2726.6555800859787,"pi":39.599827,"ya":-70.071045},"g":null}