{"u":"8a286298-79e5-4e6a-a0bb-52ab7729b2f2","ts":0,"tt":0,"td":0,"nn":"","ks":0,"d":true,"ig":[],"ll":{"w":"world","x":-719.665883264534,"y":66.0,"z":-1204.637748964142,"pi":8.184217,"ya":220.69662},"g":"default"}