{"u":"8a4cc8d6-7771-4f2a-9454-63c40b1833b0","ts":0,"tt":0,"td":0,"nn":"","ks":0,"d":true,"ig":[],"ll":{"w":"world","x":-50.30000001192092,"y":59.0,"z":76.27618755255831,"pi":70.71757,"ya":-283.56418},"g":"default"}