{"u":"8a8e7810-f85a-48ba-ae96-8fdc9059935f","ts":0,"tt":0,"td":0,"nn":"","ks":0,"d":true,"ig":[],"ll":{"w":"world","x":-5.100878465121589,"y":72.0,"z":1434.8437610962992,"pi":27.509169,"ya":-105.45563},"g":"default"}