{"u":"8ada3941-fe4c-4f4c-a5f8-1c74f7d5d30d","ts":0,"tt":0,"td":0,"nn":"","ks":0,"d":true,"ig":[],"ll":{"w":"world","x":-81.5,"y":63.019998474121095,"z":61.5,"pi":19.200003,"ya":-28.349997},"g":"default"}