{"u":"8aed8124-aeb2-4a67-8b24-26926580d822","ts":0,"tt":0,"td":0,"nn":"","ks":0,"d":true,"ig":[],"ll":{"w":"world","x":-86.22415025635688,"y":59.0,"z":92.43032542784034,"pi":-26.965614,"ya":-169.20021},"g":"default"}