{"u":"8b354976-6e30-42aa-8177-bd5198f2d974","ts":0,"tt":0,"td":0,"nn":"","ks":0,"d":true,"ig":[],"ll":{"w":"world","x":-78.08882015170272,"y":90.0,"z":46.873345004574254,"pi":58.800053,"ya":-49.35007},"g":"default"}