{"u":"8b88588b-a408-44d2-b509-18536803fc71","ts":0,"tt":0,"td":0,"nn":"","ks":0,"d":true,"ig":[],"ll":{"w":"world","x":16.064469863521413,"y":48.92945750407976,"z":99.34070439070105,"pi":40.649986,"ya":168.8999},"g":"default"}