{"u":"8bbc3629-9a51-4202-9104-35fd17703a3b","ts":0,"tt":0,"td":0,"nn":"","ks":0,"d":true,"ig":[],"ll":{"w":"world","x":-121.3888439929536,"y":24.22148565688143,"z":-2.4129836116922005,"pi":36.66851,"ya":-341.5534},"g":"default"}