{"u":"8bc4ecfa-24e0-4e22-84cc-328f17bde3d2","ts":0,"tt":0,"td":0,"nn":"","ks":0,"d":false,"ig":null,"ll":{"w":"world","x":-106.13331940779453,"y":79.07942591221868,"z":6.0655107025146595,"pi":-5.3999004,"ya":128.30817},"g":null}