{"u":"8c2fa90e-6848-493b-b6b8-347ecf2b3593","ts":0,"tt":0,"td":0,"nn":"","ks":0,"d":true,"ig":[],"ll":{"w":"world","x":-60.66215359622966,"y":60.0,"z":39.262162743779044,"pi":15.628874,"ya":-15.740845},"g":"default"}