{"u":"8d9420c4-8ab7-4a98-b847-85fa09fcacb1","ts":0,"tt":0,"td":0,"nn":"","ks":0,"d":false,"ig":[],"ll":{"w":"world","x":-2.778896829745011,"y":62.0,"z":39.20264917364333,"pi":10.674054,"ya":-49.006184},"g":null}