{"u":"8df82447-b229-48fd-a4b2-2dec38344e99","ts":4,"tt":7,"td":0,"nn":"","ks":0,"d":false,"ig":[],"ll":{"w":"world","x":-2.541045758061594E7,"y":15.0,"z":-1.5293615380150821E7,"pi":-183.37805,"ya":6.6244025},"g":"donor"}