{"u":"8e658193-4f92-441a-b661-56ba97580518","ts":0,"tt":0,"td":0,"nn":"","ks":0,"d":true,"ig":[],"ll":{"w":"world","x":-98.5,"y":61.0,"z":59.5,"pi":-65.01274,"ya":14.849998},"g":"default"}