{"u":"8e6b8d88-aa73-48ae-9d78-9bb3780d2572","ts":10,"tt":0,"td":0,"nn":"","ks":0,"d":false,"ig":[],"ll":{"w":"world","x":-55.30000001192093,"y":88.7995573072169,"z":-12572.136781188325,"pi":34.62721,"ya":258.19586},"g":"default"}