{"u":"8ea4f01f-7723-4375-b5c5-698c08d764af","ts":0,"tt":0,"td":0,"nn":"","ks":0,"d":true,"ig":[],"ll":{"w":"world","x":44.09854651024851,"y":31.60381723765287,"z":39.59782282084083,"pi":27.59685,"ya":278.59576},"g":"default"}