{"u":"9018a053-5622-4b8b-9e7f-5464ad6d553a","ts":0,"tt":0,"td":0,"nn":"","ks":0,"d":true,"ig":[],"ll":{"w":"world","x":-728.8214538117322,"y":71.0,"z":112.85130774299948,"pi":6.040967,"ya":82.07437},"g":"default"}