{"u":"903dfa41-af07-4ae9-9ca5-4b4fa6d2a433","ts":0,"tt":0,"td":0,"nn":"","ks":0,"d":false,"ig":[],"ll":{"w":"world","x":1.2939165413592165E7,"y":63.0,"z":2.9343551221587855E7,"pi":11.835243,"ya":49.644035},"g":null}