{"u":"90572238-480a-419e-ace4-6cdb3c07d975","ts":0,"tt":0,"td":0,"nn":"","ks":0,"d":false,"ig":null,"ll":{"w":"world_nether","x":-296.1055215477969,"y":118.0,"z":-0.6152832188649564,"pi":31.54933,"ya":116.62341},"g":null}