{"u":"90ab8a65-fe63-4350-8eb0-a578ccc85039","ts":0,"tt":0,"td":0,"nn":"","ks":0,"d":false,"ig":null,"ll":{"w":"world","x":10134.276082697603,"y":100.0,"z":263895.6999999881,"pi":20.999992,"ya":278.9042},"g":null}