{"u":"90bf8e8a-bd4c-4352-bda3-16b98d76a7fc","ts":2,"tt":7,"td":0,"nn":"","ks":0,"d":false,"ig":[],"ll":{"w":"world","x":-2.5410771758072205E7,"y":11.961520800954254,"z":-1.529392791775883E7,"pi":36.449993,"ya":-132.6},"g":null}