{"u":"91650b86-32b2-4a6f-8be8-a899a3a276d5","ts":0,"tt":0,"td":0,"nn":"","ks":0,"d":true,"ig":[],"ll":{"w":"world","x":-54.30000001192093,"y":48.0,"z":97.27489776199297,"pi":55.69565,"ya":317.19614},"g":"default"}