{"u":"918112c3-545c-4b60-ba21-88b884b5a3b2","ts":0,"tt":0,"td":0,"nn":"","ks":0,"d":true,"ig":[],"ll":{"w":"world","x":-103.11786123657228,"y":56.0,"z":88.07986380693187,"pi":-90.0,"ya":35.309822},"g":"default"}