{"u":"91b90544-6b04-4b28-b15d-42973d717356","ts":0,"tt":0,"td":0,"nn":"","ks":0,"d":true,"ig":[],"ll":{"w":"world","x":291.69999998807907,"y":54.0,"z":238.739487795569,"pi":40.104267,"ya":5.924175},"g":"default"}