{"u":"91ebbcc9-be86-4345-add2-bdaaa5549fc2","ts":0,"tt":0,"td":0,"nn":"","ks":0,"d":true,"ig":[],"ll":{"w":"world_nether","x":32.93937373758156,"y":139.3800000000002,"z":7.699999988079071,"pi":-85.199974,"ya":-2.400177},"g":"default"}