{"u":"921e7e54-1c0b-45f5-ac28-9248852ce239","ts":0,"tt":0,"td":0,"nn":"","ks":0,"d":true,"ig":[],"ll":{"w":"world","x":51.300000011920936,"y":3.0,"z":-19.699999988079075,"pi":34.37201,"ya":154.18263},"g":"default"}