{"u":"92306cfd-8167-4497-86fe-f0afc4a7c379","ts":0,"tt":0,"td":0,"nn":"","ks":0,"d":true,"ig":[],"ll":{"w":"world","x":-26.574023481657843,"y":59.49857164795489,"z":32.08238226794511,"pi":17.550007,"ya":-95.250145},"g":"default"}