{"u":"9247f434-7d3a-4136-85f9-b086fadce3c6","ts":0,"tt":0,"td":0,"nn":"","ks":0,"d":true,"ig":[],"ll":{"w":"world","x":-58.54270020733632,"y":62.51567645271366,"z":90.37573128671322,"pi":85.79995,"ya":34.250134},"g":"default"}