{"u":"928df213-267f-4964-922a-aaa2bd50a4b6","ts":0,"tt":0,"td":0,"nn":"","ks":0,"d":true,"ig":[],"ll":{"w":"world","x":-54.5,"y":62.0,"z":31.5,"pi":15.899983,"ya":-21.14998},"g":"default"}