{"u":"92b1aee3-f35a-4dbc-b674-d6f689d660c4","ts":0,"tt":0,"td":0,"nn":"","ks":0,"d":true,"ig":[],"ll":{"w":"world","x":-8.162994747704763,"y":71.82000008225437,"z":44.1342864035894,"pi":7.895261,"ya":-164.07396},"g":"default"}