{"u":"92c374d9-95f9-43da-a661-e4903d4335b1","ts":0,"tt":0,"td":0,"nn":"","ks":0,"d":false,"ig":[],"ll":{"w":"world","x":-503.6664355013643,"y":101.0,"z":1127.8172651558764,"pi":65.69936,"ya":91.97485},"g":null}