{"u":"92d6402f-362b-4c14-aabe-00ac83783118","ts":0,"tt":0,"td":0,"nn":"","ks":0,"d":true,"ig":[],"ll":{"w":"world","x":14957.016232900667,"y":69.0,"z":-245.76646630322196,"pi":38.99969,"ya":269.2468},"g":"default"}