{"u":"9302c3b1-900d-4706-8490-5eb67d244d4b","ts":0,"tt":0,"td":0,"nn":"","ks":0,"d":true,"ig":[],"ll":{"w":"world","x":-72.69999998807907,"y":33.4737890495381,"z":55.69999998807907,"pi":28.587318,"ya":-293.72437},"g":"default"}