{"u":"9331658d-1cba-46d6-9ebd-431e2a395102","ts":0,"tt":4,"td":0,"nn":"","ks":0,"d":true,"ig":[],"ll":{"w":"world","x":152.69999998807907,"y":50.4177245694294,"z":170.64210386525195,"pi":-19.530243,"ya":-73.010254},"g":"default"}