{"u":"93518fb0-6c27-4ec5-ab71-3ea82056c27b","ts":0,"tt":0,"td":0,"nn":"","ks":0,"d":true,"ig":[],"ll":{"w":"world","x":-84.22113995663692,"y":59.0,"z":62.69999998807906,"pi":13.054421,"ya":-72.80602},"g":"default"}