{"u":"936a15ad-9579-456e-82d1-f368b1c3c157","ts":0,"tt":0,"td":0,"nn":"","ks":0,"d":true,"ig":[],"ll":{"w":"world","x":-73.5,"y":59.0,"z":71.5,"pi":15.299999,"ya":-138.29997},"g":"default"}