{"u":"93ca8908-f42e-4343-8628-64cebe2be506","ts":0,"tt":0,"td":0,"nn":"","ks":0,"d":false,"ig":null,"ll":{"w":"world","x":-229.18253481891068,"y":111.36629774681342,"z":-29640.106441494412,"pi":32.25,"ya":-17.999939},"g":null}