{"u":"943389ac-573f-4aa6-9ff2-53003bc60f0d","ts":0,"tt":0,"td":0,"nn":"","ks":0,"d":true,"ig":[],"ll":{"w":"world","x":-34.60762508521987,"y":62.678799046012,"z":9.806668328436928,"pi":5.68135,"ya":-359.40012},"g":"default"}