{"u":"947a5368-6cbd-4650-a56f-1820ade184ed","ts":0,"tt":0,"td":0,"nn":"","ks":0,"d":true,"ig":[],"ll":{"w":"world","x":-55.63335562944241,"y":91.49999884337171,"z":82.82895205268308,"pi":0.89999354,"ya":325.05005},"g":"default"}