{"u":"94902b07-8f1c-4cfc-85da-7b10e77497e9","ts":0,"tt":0,"td":0,"nn":"","ks":0,"d":true,"ig":[],"ll":{"w":"world","x":1947.7020419389835,"y":37.22375024613476,"z":9.386071261131121,"pi":18.453545,"ya":186.5975},"g":"default"}