{"u":"94e8d38a-8b6c-498a-8333-2786eeea0693","ts":0,"tt":0,"td":0,"nn":"","ks":0,"d":true,"ig":[],"ll":{"w":"world","x":-18.71846364853926,"y":61.99,"z":52.305157943180845,"pi":23.740263,"ya":-7.674871},"g":"default"}