{"u":"95980852-52f2-4428-9181-0ca09b512dd0","ts":0,"tt":0,"td":0,"nn":"","ks":0,"d":true,"ig":[],"ll":{"w":"world","x":-74.60829703348007,"y":52.0,"z":-74.33634919828097,"pi":-7.9500175,"ya":-184.65009},"g":"default"}