{"u":"964854fe-c090-49bb-841e-f9e290b9301b","ts":4,"tt":1,"td":0,"nn":"","ks":0,"d":false,"ig":null,"ll":{"w":"world","x":-205.4877457899556,"y":61.0,"z":19.0994639606673,"pi":25.049982,"ya":-117.50016},"g":null}