{"u":"968e0edc-f563-435b-afeb-2655c2d1b018","ts":0,"tt":0,"td":0,"nn":"","ks":0,"d":false,"ig":[],"ll":{"w":"world","x":-1058.702874271643,"y":74.0,"z":-52.978347203412646,"pi":32.400146,"ya":-73.199646},"g":null}