{"u":"9695117b-05d8-4d3c-982a-5de98dccb04a","ts":0,"tt":0,"td":0,"nn":"","ks":0,"d":true,"ig":[],"ll":{"w":"world","x":-59.69999998807907,"y":50.0,"z":64.30000001192093,"pi":-32.400024,"ya":-220.50018},"g":"default"}