{"u":"98b82928-8ffb-45ff-81bd-42ac1cd60030","ts":0,"tt":0,"td":0,"nn":"","ks":0,"d":false,"ig":[],"ll":{"w":"world","x":2214316.0884502684,"y":69.0,"z":3317745.699999988,"pi":11.021365,"ya":88.46264},"g":null}