{"u":"98deb784-98f1-4e13-bbae-e9238e5a8d70","ts":0,"tt":0,"td":0,"nn":"","ks":0,"d":false,"ig":[],"ll":{"w":"world","x":-4633.1826485647625,"y":103.0,"z":-70714.3698564719,"pi":83.2512,"ya":-269.84113},"g":"default"}