{"u":"99d3b7a9-9c04-4219-8f75-22b889fe156a","ts":0,"tt":0,"td":0,"nn":"","ks":0,"d":true,"ig":[],"ll":{"w":"world","x":17.926068293980546,"y":55.11294831997408,"z":82.04558606611266,"pi":20.285248,"ya":-234.8941},"g":"default"}