{"u":"9a521377-1784-44f4-b2b8-538d9f8db20a","ts":0,"tt":1,"td":0,"nn":"","ks":0,"d":true,"ig":[],"ll":{"w":"world","x":-572875.3357406979,"y":83.0,"z":-592342.5596189993,"pi":63.00004,"ya":81.39995},"g":"default"}