{"u":"9a8a8851-4344-4e98-af77-c5e0d0c22daf","ts":0,"tt":0,"td":0,"nn":"","ks":0,"d":true,"ig":[],"ll":{"w":"world","x":106.25411919472583,"y":61.15811265586662,"z":90.51268718796032,"pi":4.4296303,"ya":-39.450607},"g":"default"}