{"u":"9abbdb71-dfdb-4886-9f81-de706ac520fc","ts":0,"tt":0,"td":0,"nn":"","ks":0,"d":true,"ig":[],"ll":{"w":"world","x":-52.38665683743951,"y":80.00000000000033,"z":68.2082200464354,"pi":9.000054,"ya":28.949995},"g":"default"}