{"u":"9b1355f4-1287-40f5-a4b9-89dd3414f1bf","ts":0,"tt":0,"td":0,"nn":"","ks":0,"d":false,"ig":null,"ll":{"w":"world","x":-1.6239023816698888,"y":63.0,"z":-43.84133229307308,"pi":32.499676,"ya":191.45255},"g":null}