{"u":"9b5732ac-3903-4d3d-9320-6b5383fe363e","ts":0,"tt":0,"td":0,"nn":"","ks":0,"d":true,"ig":[],"ll":{"w":"world","x":61.30000001192093,"y":1.0550493312274143,"z":-3.4634881181847645,"pi":29.849987,"ya":-293.25064},"g":"default"}