{"u":"9b9fd932-6044-4cd6-b9bd-36dd530a7164","ts":0,"tt":0,"td":0,"nn":"","ks":0,"d":true,"ig":[],"ll":{"w":"world","x":650.648921061562,"y":63.86495999999999,"z":278.2910150521502,"pi":9.123863,"ya":-13.551027},"g":"default"}