{"u":"9bd2d233-33a0-424f-aba9-b5915ad9001b","ts":0,"tt":0,"td":0,"nn":"","ks":0,"d":true,"ig":[],"ll":{"w":"world","x":501.7039345619083,"y":59.0,"z":85.34633783623099,"pi":12.2994995,"ya":-32.559082},"g":"default"}