{"u":"9d69c26a-9373-4e8f-9605-0cbfbf16038b","ts":0,"tt":0,"td":0,"nn":"","ks":0,"d":true,"ig":[],"ll":{"w":"world","x":-71.30000001192093,"y":64.0,"z":96.51116062865653,"pi":6.3253407,"ya":-94.09827},"g":"default"}