{"u":"9dbd75f0-c4ca-4927-8f9c-290bc615fa8f","ts":0,"tt":0,"td":0,"nn":"","ks":0,"d":true,"ig":[],"ll":{"w":"world","x":-4.556743947616551,"y":60.386460727667064,"z":55.64907726078469,"pi":-2.0107446,"ya":-179.55048},"g":"default"}