{"u":"9dfdff40-3d04-41e1-9469-1b7c19b3f146","ts":0,"tt":0,"td":0,"nn":"","ks":0,"d":true,"ig":[],"ll":{"w":"world_nether","x":-123.3052618215014,"y":54.0,"z":0.473979718655041,"pi":20.941563,"ya":-268.57236},"g":"default"}