{"u":"9e5b4483-292b-4d2b-9396-5f6d20544c6c","ts":0,"tt":0,"td":0,"nn":"","ks":0,"d":true,"ig":[],"ll":{"w":"world","x":37.179875225366736,"y":56.88125792070784,"z":99.72735316910384,"pi":8.606277,"ya":-67.80066},"g":"default"}