{"u":"9e7bb443-4431-465e-bb71-7eb5c80cae0f","ts":0,"tt":0,"td":0,"nn":"","ks":0,"d":true,"ig":[],"ll":{"w":"world","x":-1001.8177484505196,"y":63.190000000000005,"z":-5285.193949869106,"pi":-0.7814178,"ya":179.89581},"g":"default"}