{"u":"9e9b4317-a661-4c2e-a11f-bba0816201af","ts":0,"tt":0,"td":0,"nn":"","ks":0,"d":true,"ig":[],"ll":{"w":"world","x":-97.47324408310376,"y":18.0,"z":1688.3509545696759,"pi":26.849789,"ya":-14.096476},"g":"default"}