{"u":"9edb948e-2822-4be7-870d-94b35f395e38","ts":0,"tt":0,"td":0,"nn":"","ks":0,"d":true,"ig":[],"ll":{"w":"world","x":-80.48163222307119,"y":227.0,"z":141.894995811958,"pi":80.74809,"ya":-10.748981},"g":"default"}