{"u":"9f656d5c-388d-4037-9de8-25991fdb1345","ts":0,"tt":0,"td":0,"nn":"","ks":0,"d":true,"ig":[],"ll":{"w":"world","x":-120.79620059552641,"y":52.0,"z":76.7682182608476,"pi":7.19997,"ya":-75.11441},"g":"default"}