{"u":"9fdaa710-4e08-40f4-b383-29856ec40cb7","ts":10,"tt":0,"td":0,"nn":"","ks":0,"d":true,"ig":[],"ll":{"w":"world","x":-336.8721153970368,"y":63.010000000000005,"z":249.89874362262756,"pi":5.4689755,"ya":329.3765},"g":"default"}