{"u":"a016d74f-ebeb-4827-893b-5311f71dc883","ts":6,"tt":0,"td":0,"nn":"","ks":0,"d":false,"ig":[],"ll":{"w":"world","x":-933863.7982040725,"y":67.0,"z":-833594.5592914249,"pi":27.442865,"ya":-332.92584},"g":"default"}