{"u":"a08cfc38-4718-463a-86fb-8d3f99b9d245","ts":0,"tt":0,"td":0,"nn":"","ks":0,"d":true,"ig":[],"ll":{"w":"world","x":-261.82707972073183,"y":78.0,"z":-8225.601339197488,"pi":22.650038,"ya":-11.827026},"g":"default"}