{"u":"a08f9287-e337-4d06-b2d7-a8cfa1340b9a","ts":0,"tt":0,"td":0,"nn":"","ks":0,"d":false,"ig":[],"ll":{"w":"world","x":984641.2564214552,"y":5.0,"z":-997453.7493152266,"pi":-1.8003016,"ya":-189.32867},"g":null}