{"u":"a11323d9-26ad-4c2b-90b7-e6fb0c81af2a","ts":0,"tt":0,"td":0,"nn":"","ks":0,"d":true,"ig":[],"ll":{"w":"world","x":-97.69999998807907,"y":54.768157402198774,"z":77.06428024814026,"pi":16.694918,"ya":197.66792},"g":"default"}