{"u":"a166bb4e-3778-4cea-9f36-8230504a5f75","ts":0,"tt":0,"td":0,"nn":"","ks":0,"d":true,"ig":[],"ll":{"w":"world","x":-68.07298916177862,"y":213.0,"z":-159.82369330502365,"pi":30.749989,"ya":291.14142},"g":"default"}