{"u":"a2240b15-24c2-4a66-8dbc-a0217d1a1a64","ts":0,"tt":0,"td":0,"nn":"","ks":0,"d":true,"ig":[],"ll":{"w":"world","x":3958.2796242179115,"y":73.0,"z":-1573.300000011921,"pi":29.249964,"ya":-12.082106},"g":"default"}