{"u":"a40badb3-af57-4bd0-9d62-04bf10a1e3a6","ts":0,"tt":0,"td":0,"nn":"","ks":0,"d":true,"ig":[],"ll":{"w":"world","x":-96.33024210979397,"y":52.00523246156907,"z":67.14593570119911,"pi":80.09993,"ya":33.15},"g":"default"}