{"u":"a41234ba-6877-4dd5-9dd5-845ce3e643f7","ts":0,"tt":0,"td":0,"nn":"","ks":0,"d":false,"ig":null,"ll":{"w":"world","x":-61.3537629225594,"y":62.0,"z":35.69999998807907,"pi":22.200092,"ya":1.1998142},"g":null}