{"u":"a44e28a8-40fd-44e5-9969-1b6c5b5dba90","ts":0,"tt":0,"td":0,"nn":"","ks":0,"d":true,"ig":[],"ll":{"w":"world","x":-60.95474141720469,"y":136.20000004768377,"z":49.5540304748089,"pi":25.57582,"ya":-315.44998},"g":"default"}