{"u":"a5940722-5bd9-40b8-91a5-a7aa3403af1b","ts":0,"tt":0,"td":0,"nn":"","ks":0,"d":true,"ig":[],"ll":{"w":"world","x":-47.99749103724499,"y":57.0,"z":94.69999998807907,"pi":21.16944,"ya":-1.8757515},"g":"default"}