{"u":"a65f9e42-a2f6-409a-92dd-066fc7e8d15e","ts":0,"tt":0,"td":0,"nn":"","ks":0,"d":true,"ig":[],"ll":{"w":"world","x":-251.2485730273599,"y":33.0,"z":262.6142965621749,"pi":9.1652355,"ya":-97.869354},"g":"default"}