{"u":"a67d9653-96b8-462d-9ae7-cd61ab6cd7c5","ts":0,"tt":0,"td":0,"nn":"","ks":0,"d":false,"ig":null,"ll":{"w":"world","x":-6476.749680753296,"y":92.875,"z":-6247.423086395819,"pi":82.70029,"ya":229.75693},"g":null}