{"u":"a68a5bd3-cb36-4f35-a301-2890a56f1ca8","ts":2,"tt":0,"td":0,"nn":"","ks":0,"d":true,"ig":[],"ll":{"w":"world_nether","x":-96.50621784847577,"y":4.766367993957519,"z":-139.5151496564898,"pi":76.67689,"ya":161.63866},"g":"default"}