{"u":"a68b9c6e-1606-4b0c-934f-198300d77d2b","ts":0,"tt":0,"td":0,"nn":"","ks":0,"d":true,"ig":[],"ll":{"w":"world","x":-68.7491667856925,"y":44.0,"z":59.76013773378757,"pi":29.123158,"ya":-3.3000793},"g":"default"}