{"u":"a6ab2125-8e75-4c0b-a72a-4c9e18e199bc","ts":0,"tt":0,"td":0,"nn":"","ks":0,"d":false,"ig":[],"ll":{"w":"world_nether","x":10.839242618616147,"y":5.0,"z":-27.3391295432398,"pi":-35.249893,"ya":44.550224},"g":"default"}