{"u":"a81769bb-55f7-4154-8615-8fe36cf27e84","ts":0,"tt":0,"td":0,"nn":"","ks":0,"ig":[],"ll":{"w":"world_nether","x":5.699999988079071,"y":118.0,"z":4.565484277635649,"pi":26.596779,"ya":206.99525},"g":"default"}