{"u":"a8246d2d-142c-4ce4-b354-3b4e060dee34","ts":0,"tt":0,"td":0,"nn":"","ks":0,"d":true,"ig":[],"ll":{"w":"world_nether","x":-27.699999988079075,"y":3.0,"z":-16.30000001192093,"pi":55.58523,"ya":-312.05872},"g":"default"}