{"u":"a88d076c-03d4-4fb4-a5be-08de27c4cc12","ts":0,"tt":0,"td":0,"nn":"","ks":0,"d":true,"ig":[],"ll":{"w":"world","x":95.63699440064923,"y":61.99,"z":51.33590371291989,"pi":0.7500272,"ya":-84.30093},"g":"default"}