{"u":"a9a60652-6ed5-48ca-bd50-96a868191c81","ts":0,"tt":0,"td":0,"nn":"","ks":0,"d":true,"ig":[],"ll":{"w":"world","x":-63.75284773207261,"y":142.0,"z":-2.3663291593074764,"pi":7.0500064,"ya":62.78468},"g":"default"}