{"u":"aa0b6e3a-9e54-4559-b24c-34af2d6b4923","ts":0,"tt":0,"td":0,"nn":"","ks":0,"d":true,"ig":[],"ll":{"w":"world","x":54.63533938934094,"y":72.0,"z":65.38500109685046,"pi":59.35939,"ya":75.21568},"g":"default"}