{"u":"aa4a5c70-08f6-4b4e-8b70-94df9fe2b592","ts":0,"tt":0,"td":0,"nn":"","ks":0,"d":true,"ig":[],"ll":{"w":"world","x":1188.0416257547615,"y":62.0,"z":492.9755724796581,"pi":45.6413,"ya":-61.03278},"g":"default"}