{"u":"aa9442bd-de70-4e1b-9404-2ceffa66d1b0","ts":0,"tt":0,"td":0,"nn":"","ks":0,"d":true,"ig":[],"ll":{"w":"world","x":-67.80714956996914,"y":43.98,"z":49.38430110621134,"pi":0.11220827,"ya":110.207405},"g":"default"}