{"u":"aaf3c168-8596-4de3-95d3-61ceb8fd41f6","ts":0,"tt":0,"td":0,"nn":"","ks":0,"d":true,"ig":[],"ll":{"w":"world_nether","x":0.8317794470081831,"y":54.0,"z":-112.96226288001306,"pi":7.263942,"ya":178.55074},"g":"default"}