{"u":"aaf7e6a2-1ca6-48f0-9674-a0a3e7c2059b","ts":0,"tt":0,"td":0,"nn":"","ks":0,"d":true,"ig":[],"ll":{"w":"world","x":54.99882303069103,"y":136.2193542900682,"z":58.88410869432905,"pi":-52.05003,"ya":0.74996775},"g":"default"}