{"u":"ab373039-9a9b-4551-9614-cdefa0d7b1c9","ts":4,"tt":1,"td":0,"nn":"","ks":0,"d":false,"ig":[],"ll":{"w":"world","x":-169755.31212675018,"y":64.0,"z":766.7231899596628,"pi":-15.749857,"ya":217.80045},"g":null}