{"u":"aba2e0fe-6cad-4a85-80a4-84bcfe5f204f","ts":0,"tt":0,"td":0,"nn":"","ks":0,"d":true,"ig":[],"ll":{"w":"world","x":-26.025097872944627,"y":68.39999999999999,"z":40.4538031218101,"pi":12.323605,"ya":30.184206},"g":"default"}