{"u":"abc73890-25a7-48e7-82d2-e860b0c1f410","ts":0,"tt":0,"td":0,"nn":"","ks":0,"ig":[],"ll":{"w":"world","x":-90.03116605074291,"y":72.0,"z":42.09021970324357,"pi":-28.48751,"ya":31.498459},"g":"default"}