{"u":"abe0fd8e-d370-48d3-9af1-cf512d3d63c8","ts":0,"tt":0,"td":0,"nn":"","ks":0,"d":true,"ig":[],"ll":{"w":"world","x":417.30000001192093,"y":84.0,"z":-1177.300000011921,"pi":61.14441,"ya":-160.35774},"g":"default"}