{"u":"abf45a40-87ee-4c32-a3a9-a97b2c201985","ts":0,"tt":0,"td":0,"nn":"","ks":0,"d":true,"ig":[],"ll":{"w":"world","x":-3897.803536125161,"y":72.0,"z":-154399.79146953765,"pi":43.62018,"ya":89.10837},"g":"default"}