{"u":"abfd64e7-cbc3-4344-8d8e-0e7ec404b407","ts":0,"tt":0,"td":0,"nn":"","ks":0,"ig":[],"ll":{"w":"world","x":-76.56151886921911,"y":107.0,"z":-12.431426273854024,"pi":-90.0,"ya":2.549997},"g":"default"}