{"u":"ac445be5-59d2-4cee-9c50-e108f13d3765","ts":26,"tt":0,"td":0,"nn":"","ks":0,"d":false,"ig":[],"ll":{"w":"world","x":-1041727.2605587794,"y":83.0,"z":-844183.5209827229,"pi":9.599339,"ya":121.48798},"g":null}