{"u":"ad918f9d-ea49-40c5-b199-d2bc6516ab10","ts":0,"tt":0,"td":0,"nn":"","ks":0,"d":true,"ig":[],"ll":{"w":"world","x":-188.30000001192093,"y":2.0,"z":-23.560514415811177,"pi":39.67855,"ya":-80.96752},"g":"default"}