{"u":"adb97645-b989-4a60-afe7-53a0043ac2ae","ts":0,"tt":0,"td":0,"nn":"","ks":0,"d":true,"ig":[],"ll":{"w":"world","x":-259.69999998807907,"y":1.0,"z":-173.69999998807907,"pi":-26.554012,"ya":-76.77348},"g":"default"}