{"u":"adcfd1eb-e4d1-4e9f-b958-3f686392d57c","ts":0,"tt":0,"td":0,"nn":"","ks":0,"d":true,"ig":[],"ll":{"w":"world","x":1165.297804880104,"y":266.7444343690757,"z":-383.8877821618909,"pi":63.300045,"ya":55.64969},"g":"default"}