{"u":"add4020f-73cb-4ddd-9936-43d7f8464800","ts":0,"tt":0,"td":0,"nn":"","ks":0,"d":true,"ig":[],"ll":{"w":"world","x":-55.06444506733141,"y":51.2243487933408,"z":47.60554446718359,"pi":5.850006,"ya":-100.200005},"g":"default"}