{"u":"ae2e7b64-e607-4635-9bc7-a24d54531b5e","ts":0,"tt":0,"td":0,"nn":"","ks":0,"d":true,"ig":[],"ll":{"w":"world","x":-101.26774701477237,"y":58.0,"z":68.38654821233425,"pi":-48.15006,"ya":122.69931},"g":"default"}