{"u":"ae922428-6a75-444b-92cc-7b95374908d3","ts":0,"tt":0,"td":0,"nn":"","ks":0,"d":true,"ig":[],"ll":{"w":"world","x":-25.69999998807907,"y":57.0,"z":97.69999998807907,"pi":23.08852,"ya":256.51767},"g":"default"}