{"u":"af7ec433-11e4-4a41-9640-a90026926f11","ts":0,"tt":0,"td":0,"nn":"","ks":0,"d":true,"ig":[],"ll":{"w":"world","x":-26.912040054829774,"y":96.22832462927377,"z":62.32134421051572,"pi":-38.482784,"ya":237.14996},"g":"default"}