{"u":"afbd4f31-b477-4428-ab34-6aef1dd34ba8","ts":0,"tt":0,"td":0,"nn":"","ks":0,"d":true,"ig":[],"ll":{"w":"world","x":-96.5,"y":67.82464804539873,"z":59.5,"pi":-8.986253,"ya":-21.44997},"g":"default"}