{"u":"aff5624c-e375-4578-939c-442a4ba661e0","ts":0,"tt":0,"td":0,"nn":"","ks":0,"d":true,"ig":[],"ll":{"w":"world","x":-72.97005604232298,"y":62.0,"z":33.268729262202896,"pi":-3.1121905,"ya":0.3305664},"g":"default"}