{"u":"b0307642-cc18-4ffa-b9ef-743bfff3156b","ts":0,"tt":0,"td":0,"nn":"","ks":0,"d":true,"ig":[],"ll":{"w":"world","x":-17.882254851848543,"y":26.0,"z":125.70207805873484,"pi":29.399637,"ya":36.9989},"g":"default"}