{"u":"b0893b87-7623-4622-85c3-9437fd99831b","ts":8,"tt":0,"td":0,"nn":"","ks":1,"d":true,"ig":[],"ll":{"w":"world","x":-94.08041450250626,"y":70.0,"z":99181.30000001192,"pi":30.415155,"ya":115.48536},"g":"default"}