{"u":"b08a18d5-91a7-4cdc-8a79-c0a3b22ac32b","ts":0,"tt":0,"td":0,"nn":"","ks":0,"d":true,"ig":[],"ll":{"w":"world","x":-155.6670473282159,"y":57.467056314291845,"z":44.33630369945402,"pi":6.6934342,"ya":23.961866},"g":"default"}