{"u":"b1251c16-bccb-4319-b3b2-61894c61109c","ts":0,"tt":0,"td":0,"nn":"","ks":0,"d":true,"ig":[],"ll":{"w":"world","x":1188.119013817708,"y":63.0,"z":-1044.9466392863726,"pi":30.900097,"ya":164.54974},"g":"default"}