{"u":"b1d70cb7-f00d-494f-add8-0db41dc7babe","ts":10,"tt":0,"td":0,"nn":"","ks":0,"d":false,"ig":[],"ll":{"w":"world_the_end","x":448612.9811541814,"y":238.0,"z":-744813.5695026268,"pi":-10.950006,"ya":-70.80029},"g":null}