{"u":"b2357231-d016-4af5-9712-6eaa82717a17","ts":0,"tt":0,"td":0,"nn":"","ks":0,"d":true,"ig":[],"ll":{"w":"world","x":-45.67873793998034,"y":127.4518235466525,"z":25.836673787795444,"pi":30.699419,"ya":296.8504},"g":"default"}