{"u":"b28810e9-71c9-4cf6-929e-b539c0d784ea","ts":0,"tt":0,"td":0,"nn":"","ks":0,"d":true,"ig":[],"ll":{"w":"world","x":-1043.413322211964,"y":73.0,"z":77.14881743861173,"pi":40.949844,"ya":137.39557},"g":"default"}