{"u":"b3a1a4d9-1fc9-4078-b707-5d29be01957b","ts":0,"tt":0,"td":0,"nn":"","ks":0,"d":true,"ig":[],"ll":{"w":"world","x":-74.7803667073824,"y":60.797995781217196,"z":25.523420496781426,"pi":-2.3548598,"ya":-257.3595},"g":"default"}