{"u":"b3e42ae7-e8ef-4377-b825-4e67f7d11604","ts":0,"tt":0,"td":0,"nn":"","ks":0,"ig":[],"ll":{"w":"world_nether","x":-5.699999988079071,"y":118.0,"z":-2.334239420877393,"pi":81.89996,"ya":1.499697}}