{"u":"b4ab4141-1aaf-43cb-abce-7a4e6b05d170","ts":0,"tt":0,"td":0,"nn":"","ks":0,"d":true,"ig":[],"ll":{"w":"world","x":-85.1286424937812,"y":66.0,"z":107.84930958420998,"pi":8.400003,"ya":22.049995},"g":"default"}