{"u":"b4b86fec-ac1b-4ccd-8a5b-2b4d99f8ba90","ts":0,"tt":0,"td":0,"nn":"","ks":0,"d":true,"ig":[],"ll":{"w":"world","x":-39.353027235969165,"y":57.19543671740823,"z":72.75495146741709,"pi":-41.92345,"ya":-248.24982},"g":"default"}