{"u":"b593b3d9-e79c-4e06-9a64-d3916ada6d80","ts":0,"tt":0,"td":0,"nn":"","ks":0,"d":true,"ig":[],"ll":{"w":"world","x":-110.11061529173321,"y":255.0,"z":141.85790381687704,"pi":30.150423,"ya":64.1986},"g":"default"}