{"u":"b732442f-16b2-473b-a95f-316d7c175698","ts":0,"tt":0,"td":0,"nn":"","ks":0,"d":true,"ig":[],"ll":{"w":"world","x":-654.0481360699887,"y":67.0,"z":-199.00007615151165,"pi":28.80021,"ya":92.25008},"g":"default"}