{"u":"b9458d1c-84ce-4390-84f1-922987b23da1","ts":0,"tt":0,"td":0,"nn":"","ks":0,"d":true,"ig":[],"ll":{"w":"world","x":-88.34382130042643,"y":59.995,"z":86.38645623206398,"pi":17.100012,"ya":124.5002},"g":"default"}