{"u":"b95465f4-7d9d-40ad-b081-b3aa73cd830a","ts":0,"tt":0,"td":0,"nn":"","ks":0,"d":true,"ig":[],"ll":{"w":"world","x":32.196608128005664,"y":58.36341451220484,"z":98.06941214030589,"pi":31.199821,"ya":233.55098},"g":"default"}