{"u":"b9a6222b-6ff0-4602-9707-8f6dcd5be52b","ts":0,"tt":0,"td":0,"nn":"","ks":0,"d":true,"ig":[],"ll":{"w":"world","x":-134.86662507439016,"y":62.0,"z":70.02442583469492,"pi":87.5572,"ya":10.3988905},"g":"default"}