{"u":"b9c71e62-7dea-4d90-a9be-4945398de78a","ts":0,"tt":0,"td":0,"nn":"","ks":0,"d":true,"ig":[],"ll":{"w":"world","x":-3295.300000011921,"y":28.0,"z":-1575.1980408766744,"pi":-26.156128,"ya":-90.44985},"g":"default"}