{"u":"ba5b7671-b157-405a-8c01-5a5d90f4b680","ts":0,"tt":0,"td":0,"nn":"","ks":0,"d":true,"ig":[],"ll":{"w":"world","x":9.62494054328403,"y":5.0,"z":-5.649546084298331,"pi":6.899723,"ya":205.95518},"g":"default"}