{"u":"bac9a327-925d-4978-b15e-974465d9bb01","ts":0,"tt":0,"td":0,"nn":"","ks":0,"d":true,"ig":[],"ll":{"w":"world","x":-3684.513740265424,"y":146.36747728967606,"z":4638.180584579675,"pi":90.0,"ya":50.549717},"g":"default"}