{"u":"bb12a333-4bc2-4db9-aa9c-67787c42a0bd","ts":0,"tt":0,"td":0,"nn":"","ks":0,"d":true,"ig":[],"ll":{"w":"world","x":3023.73108102866,"y":75.0,"z":765.8026850517975,"pi":37.049606,"ya":260.26468},"g":"default"}