{"u":"bb26ae88-de99-4afb-979d-2ba38f583786","ts":0,"tt":0,"td":0,"nn":"","ks":0,"d":false,"ig":[],"ll":{"w":"world","x":1.1613407806587743E7,"y":68.0,"z":-1.3617538826638574E7,"pi":-20.850706,"ya":-161.54025},"g":"blazeman"}