{"u":"bb8227b1-13fd-4bc9-a511-44fe2d83d9f7","ts":4,"tt":1,"td":0,"nn":"","ks":0,"ig":null,"ll":{"w":"world","x":-3378.568071690359,"y":77.0,"z":638.9706864973153,"pi":46.34997,"ya":24.82746}}