{"u":"bbfc5c8a-d3ec-403d-8c82-99001b681c94","ts":0,"tt":0,"td":0,"nn":"","ks":0,"d":true,"ig":[],"ll":{"w":"world","x":-43.267793693559824,"y":93.43300421943273,"z":65.27459330722883,"pi":64.884514,"ya":271.7115},"g":"default"}