{"u":"bc84ee4a-ed8a-4dc2-90d4-35b24d8d2f52","ts":0,"tt":0,"td":0,"nn":"","ks":0,"d":true,"ig":[],"ll":{"w":"world","x":208.9444215070911,"y":4.95,"z":161.88195114485427,"pi":14.249961,"ya":-10.949005},"g":"default"}