{"u":"bd010102-2217-4f93-ba33-bc05bce9885e","ts":0,"tt":0,"td":0,"nn":"","ks":0,"d":true,"ig":[],"ll":{"w":"world","x":48315.141620883296,"y":70.0,"z":77792.30000001192,"pi":32.70002,"ya":240.74988},"g":"default"}