{"u":"bd64c328-5cc2-41ea-882f-2873d6efe960","ts":0,"tt":0,"td":0,"nn":"","ks":0,"d":true,"ig":[],"ll":{"w":"world","x":13.910283184754334,"y":57.0,"z":-18.742812671792542,"pi":4.864488,"ya":-228.14941},"g":"default"}