{"u":"bdfc3960-5bb4-4ea5-9f4c-9c3b9d107aac","ts":0,"tt":0,"td":0,"nn":"","ks":0,"d":true,"ig":[],"ll":{"w":"world","x":-410.48573073325855,"y":60.70305546660112,"z":65.80277911116752,"pi":-6.749528,"ya":-75.74988},"g":"default"}