{"u":"be37e454-add0-4c26-a50a-35029adc7b49","ts":0,"tt":0,"td":0,"nn":"","ks":0,"d":false,"ig":null,"ll":{"w":"world","x":-11234.280756724604,"y":83.19999999999999,"z":7360.7001693852235,"pi":9.449984,"ya":70.6798},"g":null}