{"u":"be3a1dc4-27a2-43bc-9b75-d7b234f3e797","ts":0,"tt":0,"td":0,"nn":"","ks":0,"d":true,"ig":[],"ll":{"w":"world","x":-51.51492265840855,"y":62.0,"z":69.70911820668645,"pi":13.981516,"ya":110.52176},"g":"default"}