{"u":"be871b8a-0df8-422a-bfd9-a27dd5fbc15e","ts":0,"tt":0,"td":0,"nn":"","ks":0,"d":true,"ig":[],"ll":{"w":"world","x":-83.51559008730428,"y":70.0,"z":111.42002156241544,"pi":20.546066,"ya":64.33942},"g":"default"}