{"u":"be9b206a-96ef-4720-91e7-505785d65e7e","ts":0,"tt":0,"td":0,"nn":"","ks":0,"d":true,"ig":[],"ll":{"w":"world","x":68.24515755969591,"y":63.0,"z":79.18194251985425,"pi":11.6429205,"ya":-152.4002},"g":"default"}