{"u":"bf5695eb-d10f-45a0-a483-2509747166ea","ts":0,"tt":0,"td":0,"nn":"","ks":0,"d":true,"ig":[],"ll":{"w":"world","x":2147.426243084991,"y":64.0,"z":500.03134874492093,"pi":25.455914,"ya":121.71542},"g":"default"}