{"u":"bf67775f-f664-44a2-9c9f-408e0f6f8887","ts":0,"tt":0,"td":0,"nn":"","ks":0,"d":true,"ig":[],"ll":{"w":"world","x":-89.6773677736649,"y":64.0,"z":33.79130165470103,"pi":33.528534,"ya":-187.34999},"g":"default"}