{"u":"bfb61e33-471a-4432-b249-ccb8cd75cba1","ts":0,"tt":0,"td":0,"nn":"","ks":0,"d":true,"ig":[],"ll":{"w":"world_nether","x":172.0265351402498,"y":9.0,"z":14.055318126310695,"pi":31.050013,"ya":30.45111},"g":"default"}