{"u":"bfe9cc2e-6269-42b3-b1c4-22c49b2c0da4","ts":0,"tt":0,"td":0,"nn":"","ks":0,"d":false,"ig":null,"ll":{"w":"world_nether","x":9.699999988079053,"y":10.0,"z":123.69999998807907,"pi":29.621155,"ya":329.3488},"g":null}