{"u":"c09cc09d-f4ef-4c43-9416-2302e1290127","ts":2,"tt":0,"td":0,"nn":"","ks":0,"d":false,"ig":[],"ll":{"w":"world","x":-826955.4912783853,"y":76.0,"z":-3394048.2090371856,"pi":22.349989,"ya":-134.70517},"g":null}