{"u":"c0b6f39a-0c39-4fea-8a17-308520fb414a","ts":2,"tt":0,"td":0,"nn":"","ks":0,"d":false,"ig":null,"ll":{"w":"world","x":-95.98479754051849,"y":119.0,"z":21.534905576353434,"pi":13.050095,"ya":18.74996},"g":null}