{"u":"c15da60e-3f01-4e16-9d1f-f44e6851b3f7","ts":6,"tt":0,"td":0,"nn":"","ks":8,"d":true,"ig":[],"ll":{"w":"world","x":-99471.53632514302,"y":133.84546612095392,"z":-99664.24087167537,"pi":0.0,"ya":-180.0},"g":"default"}