{"u":"c1ff2b50-f9bf-479f-962f-bdef758ab958","ts":0,"tt":0,"td":0,"nn":"","ks":0,"d":true,"ig":[],"ll":{"w":"world","x":-860.2066330836129,"y":72.0,"z":-1901.5055482700498,"pi":39.565887,"ya":-0.13865045},"g":"default"}