{"u":"c210066f-8d14-4861-b109-9c3b7b473e8b","ts":0,"tt":0,"td":0,"nn":"","ks":0,"d":true,"ig":[],"ll":{"w":"world","x":-426.9766323315727,"y":79.83259701645609,"z":-355.6059462739559,"pi":8.400608,"ya":19.799679},"g":"default"}