{"u":"c22d18e0-df58-42ec-a56b-dfc8ca455955","ts":0,"tt":0,"td":0,"nn":"","ks":0,"d":false,"ig":null,"ll":{"w":"world","x":-100.36425777270043,"y":83.19428575571135,"z":22.82718410514885,"pi":-23.3785,"ya":178.23303},"g":null}