{"u":"c2b1fc42-0eb7-4bc9-af78-cbfd8c921386","ts":0,"tt":0,"td":0,"nn":"","ks":0,"d":true,"ig":[],"ll":{"w":"world","x":-94.25567379174754,"y":63.0,"z":62.69999998807907,"pi":8.999995,"ya":65.718056},"g":"default"}