{"u":"c2bf0bfa-9e08-4838-9f82-10ab7b250a20","ts":0,"tt":0,"td":0,"nn":"","ks":0,"d":true,"ig":[],"ll":{"w":"world","x":22.31480862413766,"y":5.630483459294975,"z":-19.742235978579217,"pi":27.450083,"ya":-250.38379},"g":"default"}