{"u":"c3b7466a-5d90-42fe-b25b-26c01db0f853","ts":0,"tt":0,"td":0,"nn":"","ks":0,"d":true,"ig":[],"ll":{"w":"world","x":1675.7047167032374,"y":63.002500000000005,"z":-827.2352004087439,"pi":6.598962,"ya":-99.45997},"g":"default"}