{"u":"c456cc0f-64b0-4669-8fcd-9d1fdc1ff12c","ts":0,"tt":0,"td":0,"nn":"","ks":1,"d":true,"ig":[],"ll":{"w":"world","x":-1029.1939194913887,"y":64.0,"z":78.56332349871983,"pi":-35.87683,"ya":3.2409897},"g":"default"}