{"u":"c46d1f94-43a1-48ec-87b3-662e38750e0d","ts":360,"tt":5,"td":69,"nn":"","ks":0,"d":false,"ig":[],"ll":{"w":"world","x":-1143196.1492299812,"y":63.0,"z":1500754.7091448659,"pi":12.81495,"ya":5.0364385},"g":null}