{"u":"c4b9fe40-7eab-4d2e-9616-84c42d3fb958","ts":285,"tt":24,"td":0,"nn":"","ks":0,"d":true,"ig":[],"ll":{"w":"world_the_end","x":448585.4857240634,"y":211.0,"z":-744794.0278196348,"pi":27.450354,"ya":235.45923},"g":"bit-master"}