{"u":"c4c72b94-6b37-4213-8b56-0e3cd3207b25","ts":0,"tt":0,"td":0,"nn":"","ks":0,"d":false,"ig":null,"ll":{"w":"world","x":-22.844181902225507,"y":285.01142704555,"z":34.177410611247254,"pi":36.154453,"ya":-137.478},"g":null}