{"u":"c5129c4d-2e44-4a66-8b98-8e2d5bfe308d","ts":0,"tt":0,"td":0,"nn":"","ks":0,"d":true,"ig":[],"ll":{"w":"world","x":2822.3656393441092,"y":64.936654946153,"z":86.30637807806424,"pi":51.599815,"ya":37.269707},"g":"default"}