{"u":"c5467446-56e5-44f8-a7b6-0bba5bfa9198","ts":0,"tt":0,"td":0,"nn":"","ks":0,"d":true,"ig":[],"ll":{"w":"world","x":88.76369930014528,"y":123.0999984741211,"z":65.93307819932673,"pi":40.800007,"ya":-69.75003},"g":"default"}