{"u":"c6c7ce68-c5ee-4508-baae-46c7a9250a35","ts":8,"tt":0,"td":0,"nn":"","ks":0,"d":true,"ig":[],"ll":{"w":"world","x":-696.7562960706942,"y":71.0,"z":77.91796082382291,"pi":20.850407,"ya":204.89964},"g":"default"}