{"u":"c70eb617-2f1d-4ab4-ba6e-2eccc3809519","ts":0,"tt":0,"td":0,"nn":"","ks":0,"d":true,"ig":[],"ll":{"w":"world","x":73.05892301652311,"y":57.703921870413474,"z":76.378227850245,"pi":12.636164,"ya":-42.043583},"g":"default"}