{"u":"c7120923-92e8-4d5f-b843-8be0aa4628fb","ts":0,"tt":0,"td":0,"nn":"","ks":0,"d":true,"ig":[],"ll":{"w":"world","x":56.19779357960937,"y":65.0,"z":80.12263410079724,"pi":32.24181,"ya":-89.308334},"g":"default"}