{"u":"c7640c17-55c9-45ee-a2f0-c8dda4364f8e","ts":0,"tt":0,"td":0,"nn":"","ks":0,"d":false,"ig":null,"ll":{"w":"world_nether","x":49847.02136452719,"y":128.0,"z":49910.77798025401,"pi":32.84997,"ya":-21.334015},"g":null}