{"u":"c779ccec-6425-4310-8e63-67dc2a7f958d","ts":0,"tt":0,"td":0,"nn":"","ks":0,"d":false,"ig":[],"ll":{"w":"world","x":57671.101692282384,"y":52.0,"z":4101.926260268962,"pi":25.349716,"ya":-58.074036},"g":null}