{"u":"c78e4f86-9423-48b4-a30d-046f9eae7f2c","ts":0,"tt":0,"td":0,"nn":"","ks":0,"d":true,"ig":[],"ll":{"w":"world","x":-72.31991481054781,"y":59.0,"z":31.46685312708925,"pi":36.096676,"ya":-8.099915},"g":"default"}