{"u":"c7cc3a31-ab9a-4eb6-8cba-0b064e8b2d21","ts":0,"tt":0,"td":0,"nn":"","ks":0,"d":true,"ig":[],"ll":{"w":"world_nether","x":160.45545782773948,"y":128.79673560066868,"z":-858.5226190030941,"pi":87.89596,"ya":-276.46146},"g":"default"}