{"u":"c7e7c970-6af6-437c-92f5-9782e1105585","ts":6,"tt":0,"td":0,"nn":"","ks":0,"d":false,"ig":[],"ll":{"w":"world","x":-1824.5869108893285,"y":63.796735600668704,"z":-160.63169550910666,"pi":20.549381,"ya":-265.0016},"g":null}