{"u":"c8b752cc-c871-40c4-8dbb-9ddfe1f2cd1d","ts":0,"tt":0,"td":0,"nn":"","ks":0,"d":true,"ig":[],"ll":{"w":"world","x":-392.24431162579333,"y":200.0,"z":35.58460656346307,"pi":27.60003,"ya":-240.01248},"g":"default"}