{"u":"c915e5bb-bac4-44dd-b654-e9677294f3e9","ts":0,"tt":6,"td":1,"nn":"","ks":0,"d":false,"ig":[],"ll":{"w":"world","x":-83.66713977587565,"y":49.0,"z":21.0417441814082,"pi":21.928009,"ya":124.18579},"g":null}