{"u":"c95e86f6-880c-41cc-b3d9-dd6206e5aec6","ts":0,"tt":0,"td":0,"nn":"","ks":0,"d":true,"ig":[],"ll":{"w":"world","x":-68.29912810923997,"y":126.02442408821369,"z":19.300000011920925,"pi":23.082401,"ya":179.42744},"g":"default"}