{"u":"ca651640-5bc2-496b-86e5-0fdde4c6844b","ts":0,"tt":0,"td":0,"nn":"","ks":0,"d":true,"ig":[],"ll":{"w":"world","x":-108.04167296043484,"y":153.20000004768372,"z":-41.42566350253499,"pi":7.268255,"ya":-131.24782},"g":"default"}