{"u":"ca7c9bd7-2ff9-4214-9ea6-a766530ca5e0","ts":0,"tt":0,"td":0,"nn":"","ks":0,"d":false,"ig":[],"ll":{"w":"world","x":7.046704132693282,"y":59.0,"z":146.7510000761909,"pi":38.300453,"ya":-263.60492},"g":"default"}