{"u":"cb24d980-8cce-4755-b5f6-332d1a2b0c61","ts":0,"tt":0,"td":0,"nn":"","ks":0,"d":true,"ig":[],"ll":{"w":"world","x":-74.14470270130498,"y":42.0,"z":69.69577769256104,"pi":-53.5166,"ya":-128.987},"g":"default"}