{"u":"cb59912e-4e6c-45fa-ae67-464712a00a57","ts":0,"tt":0,"td":0,"nn":"","ks":0,"d":true,"ig":[],"ll":{"w":"world","x":-70.30000001192093,"y":51.140451513186186,"z":34.415083776819664,"pi":28.059427,"ya":-128.8321},"g":"default"}