{"u":"cbacd2c3-dbc2-4210-8b60-e7571c588e2b","ts":0,"tt":0,"td":0,"nn":"","ks":0,"d":true,"ig":[],"ll":{"w":"world","x":46.02494033754911,"y":22.44832618128926,"z":18.60579166214032,"pi":24.418373,"ya":263.8502},"g":"default"}