{"u":"cbdf1fd1-7bdc-44d0-80ad-d636fbb4b46d","ts":0,"tt":0,"td":0,"nn":"","ks":0,"d":true,"ig":[],"ll":{"w":"world","x":-38.37953891507636,"y":107.16000032424927,"z":75.13390455852266,"pi":35.8669,"ya":-70.35001},"g":"default"}