{"u":"cbf3c72d-be9b-4a45-8359-0ceadf533d10","ts":10,"tt":0,"td":0,"nn":"","ks":0,"d":false,"ig":[],"ll":{"w":"world","x":-836.3000000119209,"y":64.0,"z":-2028.699999988079,"pi":17.519999,"ya":-137.328},"g":null}