{"u":"cccb3d61-6f0d-4ddb-8dc4-c54906db4b54","ts":0,"tt":0,"td":0,"nn":"","ks":0,"d":true,"ig":[],"ll":{"w":"world","x":-97.71632355825625,"y":56.1451505633348,"z":64.63161569252634,"pi":-15.30001,"ya":-40.336834},"g":"default"}