{"u":"cd3a795c-0f1d-434b-b88b-85c44a68a78a","ts":0,"tt":0,"td":0,"nn":"","ks":0,"d":true,"ig":[],"ll":{"w":"world","x":-36.76583423186227,"y":62.62990531361265,"z":57.63889465323037,"pi":-46.00195,"ya":301.56848},"g":"default"}