{"u":"cd63bf15-b3cf-4871-93e4-beef06e09bee","ts":0,"tt":0,"td":0,"nn":"","ks":0,"d":true,"ig":[],"ll":{"w":"world","x":-52.259170347178284,"y":77.28571428571456,"z":68.06253205402034,"pi":19.799992,"ya":-180.59996},"g":"default"}