{"u":"cd63a8a3-546e-4172-b210-315561f864f6","ts":0,"tt":0,"td":0,"nn":"","ks":0,"d":true,"ig":[],"ll":{"w":"world","x":-149.36104165576864,"y":2.0,"z":163.69999998807907,"pi":-25.392042,"ya":175.28589},"g":"default"}