{"u":"cda67298-8d84-4019-9200-14e3e36821c4","ts":0,"tt":0,"td":0,"nn":"","ks":0,"d":false,"ig":null,"ll":{"w":"world","x":-9253.671061272553,"y":64.0,"z":2311.204000830572,"pi":-5.700014,"ya":65.70278},"g":null}