{"u":"ce0bdb77-c7e8-4321-8696-dc6ce7b43d06","ts":0,"tt":0,"td":0,"nn":"","ks":0,"d":true,"ig":[],"ll":{"w":"world_nether","x":315.1209902491605,"y":25.0,"z":-1047.8681986051954,"pi":77.58907,"ya":-13.516846},"g":"default"}