{"u":"ce41d224-5c0c-4156-b6c7-d7b12b6a3ca2","ts":0,"tt":0,"td":0,"nn":"","ks":0,"d":true,"ig":[],"ll":{"w":"world","x":48.70297742079859,"y":66.86899819439826,"z":108.9464581620342,"pi":9.749999,"ya":252.90002},"g":"default"}