{"u":"cf84a67d-faf1-4d5e-88e4-e8b5898da26c","ts":0,"tt":0,"td":0,"nn":"","ks":0,"d":true,"ig":[],"ll":{"w":"world","x":-998981.4387862153,"y":112.0,"z":173609.98845584792,"pi":37.199917,"ya":-319.04916},"g":"default"}