{"u":"cf854dec-f085-4ec7-b9a6-ef1f2e55b38b","ts":0,"tt":0,"td":0,"nn":"","ks":0,"d":false,"ig":[],"ll":{"w":"world_nether","x":-133.04600496758218,"y":20.0,"z":-28.135157939235675,"pi":19.200003,"ya":157.9105},"g":null}