{"u":"cfb64baa-cf0d-4cb8-8465-5d3a9235e857","ts":0,"tt":0,"td":0,"nn":"","ks":0,"d":true,"ig":[],"ll":{"w":"world","x":-44.99463937036524,"y":82.71428571428609,"z":74.80422752154124,"pi":-0.059238203,"ya":-151.35121},"g":"default"}