{"u":"d05c8e91-4686-4fea-a03e-db92a5357278","ts":0,"tt":0,"td":0,"nn":"","ks":0,"d":true,"ig":[],"ll":{"w":"world","x":1302.7874516214877,"y":62.99,"z":887.4761429241089,"pi":16.74748,"ya":291.16666},"g":"default"}