{"u":"d0da0b33-95fc-4027-a59c-7e9329405198","ts":0,"tt":0,"td":0,"nn":"","ks":0,"d":true,"ig":[],"ll":{"w":"world","x":27.964096413846068,"y":64.0,"z":2518.124310517196,"pi":8.553125,"ya":-81.49389},"g":"default"}