{"u":"d15518ea-5a29-4871-a8a4-8678d40cc6b3","ts":0,"tt":0,"td":0,"nn":"","ks":0,"d":true,"ig":[],"ll":{"w":"world","x":-1.6547687971239714E7,"y":74.0,"z":-1036597.7818079263,"pi":285.89963,"ya":20.850183},"g":"default"}