{"u":"d17bdd30-df13-467a-b9cf-ce4ef78112ea","ts":0,"tt":0,"td":0,"nn":"","ks":0,"d":true,"ig":[],"ll":{"w":"world","x":-78.69999998807907,"y":53.0,"z":38.30000001192093,"pi":25.199953,"ya":-72.45681},"g":"default"}