{"u":"d195a7a4-e44d-4646-9897-cb14057cab12","ts":0,"tt":0,"td":0,"nn":"","ks":0,"d":true,"ig":[],"ll":{"w":"world","x":-173.30000001192093,"y":53.0,"z":-241.5048203568933,"pi":27.572922,"ya":-79.91144},"g":"default"}