{"u":"d216f24e-7fcd-4c0f-9a58-8d83a1a15c29","ts":0,"tt":0,"td":0,"nn":"","ks":0,"d":true,"ig":[],"ll":{"w":"world","x":-50.5,"y":62.0,"z":69.5,"pi":27.97463,"ya":173.54996},"g":"default"}