{"u":"d252ef11-9b58-4353-9ad6-e70832dc3e18","ts":0,"tt":0,"td":0,"nn":"","ks":0,"d":true,"ig":[],"ll":{"w":"world","x":26.69999998807907,"y":61.0,"z":132.30000001192093,"pi":11.492822,"ya":-115.50003},"g":"default"}