{"u":"d2acf7ae-9d06-4fbf-8efd-b8af0af0419d","ts":0,"tt":0,"td":0,"nn":null,"ks":0,"d":false,"ig":[],"ll":{"w":"world","x":-2.5410492716303222E7,"y":15.402033650697511,"z":-1.529395799243598E7,"pi":-57.673134,"ya":12.59989},"g":"second-donor"}