{"u":"d2b96734-9fb3-4c15-a229-62bf163f3952","ts":0,"tt":0,"td":0,"nn":"","ks":0,"d":true,"ig":[],"ll":{"w":"world","x":-49.5,"y":60.0,"z":66.5,"pi":65.70729,"ya":-199.95001},"g":"default"}