{"u":"d2f74846-af57-4efd-9047-c6888c693bdb","ts":2,"tt":0,"td":0,"nn":"","ks":0,"d":false,"ig":null,"ll":{"w":"world","x":516.9659256947979,"y":102.25992088334773,"z":8302.973555164821,"pi":20.439459,"ya":58.31752},"g":null}