{"u":"d3299197-79b3-49d8-8eb0-ee4fd21b4803","ts":0,"tt":0,"td":0,"nn":"","ks":0,"d":true,"ig":[],"ll":{"w":"world","x":-70.59941474718651,"y":65.72635894823398,"z":33.66090159942894,"pi":26.928215,"ya":82.49874},"g":"default"}