{"u":"d40afe24-1802-4650-aef4-66caf679fb24","ts":0,"tt":0,"td":0,"nn":"","ks":0,"d":false,"ig":[],"ll":{"w":"world_nether","x":33296.45948429773,"y":119.0,"z":-0.5929372335357471,"pi":8.368563,"ya":-92.022804},"g":null}