{"u":"d4286a71-ff55-4315-be12-e62aea7ae0b3","ts":0,"tt":0,"td":0,"nn":"","ks":0,"d":false,"ig":[],"ll":{"w":"world","x":-705.1242165521209,"y":67.0,"z":875.2510972604987,"pi":25.77913,"ya":-245.29836},"g":null}