{"u":"d452682f-dabe-497f-8582-32fc13a526a9","ts":0,"tt":5,"td":0,"nn":"","ks":0,"d":false,"ig":[],"ll":{"w":"world","x":-173.48680197616244,"y":5.0,"z":-55.60384791286124,"pi":44.70033,"ya":353.69943},"g":"default"}