{"u":"d5396583-8d8f-4ebd-8c95-b46dc2580256","ts":0,"tt":0,"td":0,"nn":"","ks":0,"d":false,"ig":null,"ll":{"w":"world","x":5457.223611337666,"y":69.0,"z":38.514778461297915,"pi":40.63521,"ya":83.77015},"g":null}