{"u":"d57828a5-7713-45d9-802e-2fcdf0715821","ts":0,"tt":0,"td":0,"nn":"","ks":0,"d":true,"ig":[],"ll":{"w":"world","x":-44.877055895417506,"y":63.0,"z":50.58546294909838,"pi":-68.64477,"ya":-73.79898},"g":"default"}