{"u":"d5cb1a75-ea7c-4ddb-ace5-307ee2045068","ts":0,"tt":0,"td":0,"nn":"","ks":0,"d":true,"ig":[],"ll":{"w":"world","x":71680.75650730933,"y":63.0,"z":-6463.937483613754,"pi":32.268127,"ya":-74.78732},"g":"default"}