{"u":"d5efa47c-8289-479f-bf3f-7e43eb867a48","ts":0,"tt":0,"td":0,"nn":"","ks":0,"d":true,"ig":[],"ll":{"w":"world","x":-46.29501380679473,"y":37.922028303331004,"z":1696.9547546662864,"pi":53.993507,"ya":-284.86194},"g":"default"}