{"u":"d618263f-ec9a-41e2-899c-c1f9517cf4c1","ts":0,"tt":0,"td":0,"nn":"","ks":0,"ig":[],"ll":{"w":"world","x":-62.18102453517161,"y":56.24918707874468,"z":57.47188953357832,"pi":18.952024,"ya":115.06587},"g":"default"}