{"u":"d6ab28c4-f1c8-4585-9bf0-a6d8e463e1a1","ts":0,"tt":0,"td":0,"nn":"","ks":0,"ig":[],"ll":{"w":"world","x":-1796.0906025590682,"y":61.48349107434491,"z":-290.6696539179534,"pi":23.99988,"ya":61.425842},"g":"default"}