{"u":"d6bb2f45-533d-4039-81c5-4ad96c6401ea","ts":0,"tt":0,"td":0,"nn":"","ks":0,"d":true,"ig":[],"ll":{"w":"world","x":-72.5,"y":64.0,"z":94.5,"pi":6.2440386,"ya":58.53108},"g":"default"}