{"u":"d6d7735d-c203-4a09-9b73-270aa421cb8f","ts":0,"tt":0,"td":0,"nn":"","ks":0,"d":true,"ig":[],"ll":{"w":"world","x":-48.337626192137556,"y":123.83773286798267,"z":25.027211109635527,"pi":29.282738,"ya":-167.27339},"g":"default"}