{"u":"d7524a1c-b227-4046-b68b-b323784109f2","ts":0,"tt":0,"td":0,"nn":"","ks":0,"d":true,"ig":[],"ll":{"w":"world","x":-101.8797965624856,"y":55.0,"z":72.20697154831731,"pi":18.51663,"ya":67.30917},"g":"default"}