{"u":"d780e265-170b-45fe-81ce-d61e44b3c04c","ts":2,"tt":2,"td":0,"nn":"","ks":1,"d":true,"ig":["bf5695eb-d10f-45a0-a483-2509747166ea"],"ll":{"w":"world","x":2214380.6867892863,"y":74.0,"z":3317752.2384979054,"pi":66.7427,"ya":-298.57837},"g":"default"}