{"u":"d91e0be8-76a5-43b4-952f-7ba181dc5c3f","ts":0,"tt":0,"td":0,"nn":"","ks":0,"d":true,"ig":[],"ll":{"w":"world","x":58.8667113703985,"y":71.0,"z":92.30534046405712,"pi":-57.871098,"ya":261.53867},"g":"default"}