{"u":"d9674af8-b2da-480b-8003-344c8179681e","ts":0,"tt":0,"td":0,"nn":"","ks":0,"d":true,"ig":[],"ll":{"w":"world","x":-241.14070623372152,"y":63.002819520576594,"z":28386.31890800722,"pi":90.0,"ya":53.100147},"g":"default"}