{"u":"d98af89c-bc53-43a5-bf2e-17eef55b45f7","ts":0,"tt":0,"td":0,"nn":"","ks":0,"d":true,"ig":[],"ll":{"w":"world","x":-78.94660492142768,"y":106.57142857142918,"z":54.450412550277214,"pi":-0.5930476,"ya":-181.30827},"g":"default"}