{"u":"d9931470-0a95-4b41-9698-7921818829c8","ts":0,"tt":0,"td":0,"nn":"","ks":0,"d":true,"ig":[],"ll":{"w":"world","x":-237.43425756256846,"y":61.0,"z":-161.10335041101746,"pi":63.76339,"ya":110.14516},"g":"default"}