{"u":"d9a29d19-3be3-450c-bb12-91e036e83dd7","ts":0,"tt":0,"td":0,"nn":"","ks":0,"d":false,"ig":[],"ll":{"w":"world","x":984554.4551603786,"y":115.39722190448434,"z":-997388.6378442873,"pi":1.0747684,"ya":-102.84268},"g":null}