{"u":"d9ccf26f-f463-4081-93c8-ca7e6f33b105","ts":0,"tt":0,"td":0,"nn":"","ks":0,"d":false,"ig":[],"ll":{"w":"world","x":-97.76872542585886,"y":56.111498611813516,"z":74.31083478058711,"pi":-28.223673,"ya":164.16318},"g":null}