{"u":"d9fa6786-afa2-47d8-851d-e710a1216960","ts":0,"tt":0,"td":0,"nn":"","ks":0,"d":false,"ig":null,"ll":{"w":"world","x":-52.68114395511514,"y":54.0,"z":32.69999998807907,"pi":90.0,"ya":19.1067},"g":null}