{"u":"da95c3b9-d874-4858-8afa-f571eb586897","ts":0,"tt":2,"td":0,"nn":"","ks":0,"d":true,"ig":[],"ll":{"w":"world","x":-2.5410475227319717E7,"y":14.0,"z":-1.5293625420504881E7,"pi":28.650305,"ya":150.30373},"g":"default"}