{"u":"db001237-f2e2-4ebf-94dd-b51cecce8a55","ts":0,"tt":0,"td":0,"nn":"","ks":0,"d":true,"ig":[],"ll":{"w":"world","x":-73.29678254271857,"y":55.0,"z":70.30000001192093,"pi":-57.15,"ya":247.94998},"g":"default"}