{"u":"db16565b-f91f-4fe7-9e04-2492fdb4fb36","ts":0,"tt":0,"td":0,"nn":"","ks":0,"d":true,"ig":[],"ll":{"w":"world","x":-79.97041968063087,"y":67.29673548622779,"z":101.30000001192093,"pi":3.2219024,"ya":260.08685},"g":"default"}