{"u":"db1cbc00-291b-4a01-a346-1f52a6c3d987","ts":0,"tt":0,"td":0,"nn":"","ks":0,"d":true,"ig":[],"ll":{"w":"world","x":-64.24711265025539,"y":56.55850661601891,"z":36.05825587343964,"pi":-30.600012,"ya":281.4001},"g":"default"}