{"u":"db5e1cfa-3461-4af0-8d34-3ac5514bda64","ts":0,"tt":0,"td":0,"nn":"","ks":0,"d":true,"ig":[],"ll":{"w":"world","x":-459.2429962681595,"y":48.0,"z":-830.6614634204191,"pi":-79.92426,"ya":29.958672},"g":"default"}