{"u":"dbe4bb71-b304-455d-94a7-e072113c60f4","ts":0,"tt":0,"td":0,"nn":"","ks":0,"d":true,"ig":[],"ll":{"w":"world","x":-91.04163301012449,"y":70.0,"z":39.219425779653236,"pi":90.0,"ya":-2.1352217},"g":"default"}