{"u":"dbecac28-92c4-431b-9369-88ec3d5b84b9","ts":0,"tt":0,"td":0,"nn":"","ks":0,"d":true,"ig":[],"ll":{"w":"world_nether","x":-291.51505908073784,"y":58.0,"z":14.658200638014463,"pi":40.050014,"ya":180.4469},"g":"default"}