{"u":"dc434b27-64c0-45d9-8dcd-106762987a51","ts":0,"tt":0,"td":0,"nn":"","ks":0,"d":false,"ig":null,"ll":{"w":"world","x":-1797.267271138863,"y":135.06560696561493,"z":-1150.2885056116143,"pi":6.354915,"ya":-221.67365},"g":null}