{"u":"dc5b41ad-f873-42e0-9371-99af5e4cd082","ts":0,"tt":3,"td":0,"nn":"","ks":0,"d":true,"ig":[],"ll":{"w":"world","x":1.3010044867241682E7,"y":94.0,"z":2.9999939663621996E7,"pi":11.126291,"ya":310.7932},"g":"default"}