{"u":"dcad6544-ddf1-426f-83d5-0f1c1cea08e1","ts":0,"tt":0,"td":0,"nn":"","ks":0,"d":true,"ig":[],"ll":{"w":"world","x":443.5397557941876,"y":130.0,"z":-1193.8176511549518,"pi":15.749908,"ya":-139.04997},"g":"default"}