{"u":"dcc8a22b-5d03-4037-a7d9-9eaa9079e9cf","ts":10,"tt":0,"td":0,"nn":"","ks":0,"d":false,"ig":[],"ll":{"w":"world","x":-117949.8080843781,"y":63.0,"z":-133150.51249998808,"pi":24.953516,"ya":263.56018},"g":null}