{"u":"ddda66ec-cda2-4123-ad7b-75ae3799dc39","ts":2,"tt":0,"td":0,"nn":"","ks":0,"d":true,"ig":[],"ll":{"w":"world","x":131.72157032956943,"y":90.0,"z":29.109948944240863,"pi":28.008955,"ya":-159.90489},"g":"default"}