{"u":"de79deb6-e286-4d52-b629-7ea265e6130c","ts":0,"tt":0,"td":0,"nn":"","ks":0,"d":true,"ig":[],"ll":{"w":"world","x":-31.791106185612122,"y":61.85714285714285,"z":102.18374072119121,"pi":54.599895,"ya":-123.09545},"g":"default"}