{"u":"de8f8b9c-9759-4c1d-ab41-f4ef3ffcd572","ts":0,"tt":0,"td":0,"nn":"","ks":0,"d":true,"ig":[],"ll":{"w":"world","x":-48.577688653042365,"y":64.0,"z":67.04973576130755,"pi":90.0,"ya":-214.79967},"g":"default"}