{"u":"deeb6f3b-e5fe-4ef8-88d5-afefee8425f3","ts":0,"tt":0,"td":0,"nn":"","ks":0,"d":true,"ig":[],"ll":{"w":"world","x":-49.31105899397308,"y":1.0,"z":-36.30000001192093,"pi":7.3504977,"ya":-33.72229},"g":"default"}