{"u":"def7aedf-1960-4511-910a-c08308110d63","ts":0,"tt":0,"td":0,"nn":"","ks":0,"d":true,"ig":[],"ll":{"w":"world","x":-88.76556254238002,"y":72.10408037809304,"z":48.76064553728677,"pi":26.994684,"ya":-48.968437},"g":"default"}