{"u":"df07d04f-5252-449e-a5f9-a6d97e33dc16","ts":0,"tt":0,"td":0,"nn":"","ks":0,"d":false,"ig":[],"ll":{"w":"world","x":-2.5410877426689297E7,"y":6.0,"z":-1.5293957372234674E7,"pi":7.9018188,"ya":-347.3849},"g":null}