{"u":"df20b7b1-4550-4935-a214-eabc0e742bca","ts":0,"tt":0,"td":0,"nn":"","ks":0,"d":true,"ig":[],"ll":{"w":"world","x":-36.94059673156623,"y":62.0,"z":70.28300359543215,"pi":4.083708,"ya":-155.57524},"g":"default"}