{"u":"df8f2d90-56c3-4b72-a307-4b397b9a941b","ts":0,"tt":0,"td":0,"nn":"","ks":0,"ig":[],"ll":{"w":"world","x":1426.699999988079,"y":63.0,"z":197.81095628617075,"pi":-20.637476,"ya":-70.49474},"g":"default"}