{"u":"dffbdf58-47e8-480c-84a7-cf929ddfcc85","ts":0,"tt":0,"td":0,"nn":"","ks":0,"d":true,"ig":[],"ll":{"w":"world","x":-3764.900043505192,"y":80.2151161465846,"z":2318.8311434768184,"pi":84.29995,"ya":5.8500376},"g":"default"}