{"u":"e03a383d-5fe1-4661-8330-c7d653532e8d","ts":12,"tt":1,"td":0,"nn":"","ks":0,"d":false,"ig":[],"ll":{"w":"world_nether","x":-102.28017808348618,"y":87.79230004768345,"z":-39.423684152714806,"pi":90.0,"ya":-28.64988},"g":null}