{"u":"e0591a95-0887-4921-a925-9d25213b90f0","ts":0,"tt":0,"td":0,"nn":"","ks":0,"d":true,"ig":[],"ll":{"w":"world","x":-90.5,"y":70.0,"z":39.5,"pi":2.0970669,"ya":232.49985},"g":"default"}