{"u":"e07cae46-4f00-4070-96e1-53706b7f9763","ts":0,"tt":0,"td":0,"nn":"","ks":0,"d":true,"ig":[],"ll":{"w":"world","x":1563.1788933435923,"y":85.78271071250275,"z":-3613.3970112208463,"pi":48.807655,"ya":-106.13898},"g":"default"}