{"u":"e0ac4446-2213-44cf-ab69-cd0b98583c0c","ts":0,"tt":0,"td":0,"nn":"","ks":0,"d":true,"ig":[],"ll":{"w":"world","x":-86.69999998807907,"y":65.0,"z":116.05983480920439,"pi":37.07725,"ya":-281.38626},"g":"default"}