{"u":"e0f3d5b9-e0c9-42c6-b90e-90e5c640090b","ts":0,"tt":0,"td":0,"nn":"","ks":0,"d":true,"ig":[],"ll":{"w":"world","x":-53.798651339380136,"y":56.0,"z":55.45068952324014,"pi":43.901836,"ya":-196.57094},"g":"default"}