{"u":"e1232b48-d64a-4813-8ccf-e22422671426","ts":0,"tt":0,"td":0,"nn":"","ks":0,"d":true,"ig":[],"ll":{"w":"world","x":-75.9806285833566,"y":131.89931647704483,"z":29.715171088876616,"pi":-6.8452597,"ya":143.6997},"g":"default"}