{"u":"e17c1bbb-560d-4d22-8001-5e848236624b","ts":0,"tt":1,"td":0,"nn":"","ks":0,"d":true,"ig":[],"ll":{"w":"world","x":-293797.0442783221,"y":64.0,"z":928272.4042892467,"pi":12.068657,"ya":-59.558746},"g":"default"}