{"u":"e1f377a3-62b7-430e-870d-896b0591d80d","ts":0,"tt":0,"td":0,"nn":"","ks":0,"d":true,"ig":[],"ll":{"w":"world","x":180.11671733332872,"y":63.00133597911215,"z":19.47770879033789,"pi":17.4,"ya":-111.60003},"g":"default"}