{"u":"e28132f6-e6aa-4419-a5aa-b04b36efad79","ts":0,"tt":0,"td":0,"nn":"","ks":0,"d":true,"ig":[],"ll":{"w":"world","x":-210.69657857091204,"y":157.9981505506995,"z":1733.094343491909,"pi":61.950016,"ya":57.29997},"g":"default"}