{"u":"e346416e-1d95-476b-92a3-b70828ac6e49","ts":0,"tt":0,"td":0,"nn":"","ks":0,"d":false,"ig":[],"ll":{"w":"world","x":513.5007565683077,"y":71.0,"z":494.30000001192093,"pi":41.188354,"ya":-81.5825},"g":null}