{"u":"e35899c5-62c6-429d-ab28-1820d8c8f6d1","ts":62,"tt":2,"td":0,"nn":"","ks":0,"d":true,"ig":[],"ll":{"w":"world","x":342.78462064232167,"y":62.0,"z":179.30000001192093,"pi":36.300175,"ya":-79.57556},"g":"default"}