{"u":"e3604a31-755c-4dd4-b8b1-89ef94e936a0","ts":0,"tt":0,"td":0,"nn":"","ks":0,"d":true,"ig":[],"ll":{"w":"world","x":1187.1505957718937,"y":63.0,"z":1893.1212737865737,"pi":33.150818,"ya":-71.39835},"g":"default"}