{"u":"e450a1a0-990a-4f44-99c0-e0fc882489da","ts":0,"tt":0,"td":0,"nn":"","ks":0,"d":true,"ig":[],"ll":{"w":"world","x":674.6671993673762,"y":64.0,"z":836.5142566329614,"pi":28.31553,"ya":-59.305206},"g":"default"}