{"u":"e4d66ea8-57ab-461e-bda0-8247a877a6da","ts":10,"tt":0,"td":1,"nn":"","ks":0,"d":false,"ig":[],"ll":{"w":"world","x":-509911.7353872314,"y":71.0,"z":-956859.3600029094,"pi":47.07218,"ya":110.25003},"g":"super-donor"}