{"u":"e5372546-f0a7-43f8-8a4f-b57a1fdfc655","ts":0,"tt":0,"td":0,"nn":"","ks":0,"d":true,"ig":[],"ll":{"w":"world","x":319.2599796582312,"y":63.0,"z":-463.1144340754851,"pi":7.718931,"ya":28.144775},"g":"default"}