{"u":"e5c01c56-8cfd-4e50-89bc-a1c0b1f5b269","ts":0,"tt":0,"td":0,"nn":"","ks":0,"d":true,"ig":[],"ll":{"w":"world_nether","x":-80.30000001192093,"y":118.0,"z":13.27241224869487,"pi":65.320984,"ya":19.636477},"g":"default"}