{"u":"e5f32ced-f8ab-4949-b793-359ec1ea4634","ts":0,"tt":0,"td":0,"nn":"","ks":0,"d":true,"ig":[],"ll":{"w":"world","x":5.463707018440224,"y":62.999,"z":-922.5589233555711,"pi":61.96583,"ya":150.7989},"g":"default"}