{"u":"e5f7a740-3861-4d16-9673-9745c4c60381","ts":0,"tt":0,"td":0,"nn":"","ks":0,"d":true,"ig":[],"ll":{"w":"world_the_end","x":228638.36347212264,"y":45.0,"z":-516548.65671183844,"pi":-27.146711,"ya":-81.41702},"g":"default"}