{"u":"e653bdc3-537e-4162-93c0-beec6459d9f0","ts":0,"tt":0,"td":0,"nn":"","ks":0,"d":true,"ig":[],"ll":{"w":"world","x":-454.6927798611075,"y":2.0,"z":9.699999988079071,"pi":88.19995,"ya":82.950294},"g":"default"}