{"u":"e66ed4a6-c6ca-4139-a712-89889ec4e75d","ts":0,"tt":0,"td":0,"nn":"","ks":0,"d":false,"ig":[],"ll":{"w":"world","x":-57.699999988079114,"y":2.0,"z":68.69999998807907,"pi":48.750084,"ya":-359.7002},"g":null}