{"u":"e6e67827-bde4-4951-ad95-88da28b4afc9","ts":0,"tt":0,"td":0,"nn":"","ks":0,"d":true,"ig":[],"ll":{"w":"world","x":-6.232661884478024,"y":58.44327466802875,"z":88.43048248381307,"pi":-3.9659672,"ya":-63.21585},"g":"default"}