{"u":"e79a2928-1846-4026-bfc1-37c800345ae6","ts":9,"tt":0,"td":1,"nn":"","ks":0,"d":false,"ig":[],"ll":{"w":"world","x":1.1613484780806653E7,"y":6.0,"z":-1.3617455121393412E7,"pi":-16.949995,"ya":-170.54993},"g":null}