{"u":"e7a848f5-df6e-4a41-a313-de15b6699644","ts":0,"tt":0,"td":0,"nn":"","ks":0,"d":true,"ig":[],"ll":{"w":"world","x":-77.63880665800023,"y":60.0,"z":66.53910879629542,"pi":14.584775,"ya":177.38422},"g":"default"}