{"u":"e8b51dbf-83b6-4202-948b-78a280aeb0b7","ts":0,"tt":0,"td":0,"nn":"","ks":0,"d":true,"ig":[],"ll":{"w":"world_the_end","x":94329.04737301475,"y":57.0,"z":2101056.955920439,"pi":21.464981,"ya":-165.45776},"g":"default"}