{"u":"e9815c4f-460e-4665-8c33-b667ee7d1577","ts":0,"tt":0,"td":0,"nn":"","ks":0,"d":true,"ig":[],"ll":{"w":"world","x":-72.30000001192093,"y":51.0,"z":34.559368262252214,"pi":-78.42386,"ya":23.88863},"g":"default"}