{"u":"e9a857d3-a415-4c15-806f-632ed9b1629c","ts":0,"tt":0,"td":0,"nn":"","ks":0,"d":true,"ig":[],"ll":{"w":"world","x":-64.5,"y":65.0,"z":30.5,"pi":-0.30000162,"ya":113.249985},"g":"default"}