{"u":"e9afbaf1-6c9b-4acb-b68c-05552e1a3a18","ts":0,"tt":0,"td":0,"nn":"","ks":0,"d":true,"ig":[],"ll":{"w":"world","x":-96.04818755691018,"y":62.771848643420334,"z":53.48093322086669,"pi":-6.220695,"ya":-167.33894},"g":"default"}