{"u":"e9e2db7f-446d-40b5-baec-5c8e69026f58","ts":0,"tt":0,"td":0,"nn":"","ks":0,"d":true,"ig":[],"ll":{"w":"world","x":-4.117805655307916,"y":72.58959998270497,"z":118.2048939391094,"pi":-2.4000032,"ya":18.0},"g":"default"}