{"u":"ea0d3028-89c0-43c7-84b8-15bab5eb57fe","ts":0,"tt":0,"td":0,"nn":"","ks":0,"d":true,"ig":[],"ll":{"w":"world","x":74.0580017448317,"y":56.106130523315336,"z":79.9976587511208,"pi":64.20012,"ya":-107.99836},"g":"default"}