{"u":"eac626c6-ffa9-4026-8cbc-7d7b98f66990","ts":0,"tt":0,"td":0,"nn":"","ks":0,"d":true,"ig":[],"ll":{"w":"world","x":24.530646923363054,"y":55.0,"z":163.67561000188203,"pi":8.700064,"ya":200.84918},"g":"default"}