{"u":"ec866e86-8b3e-45a7-b417-05f537ce4bd4","ts":0,"tt":0,"td":0,"nn":"","ks":0,"d":false,"ig":[],"ll":{"w":"world_nether","x":295.39798213967225,"y":28.0,"z":-132.55276118129333,"pi":12.981125,"ya":32.454247},"g":"default"}