{"u":"ece5417c-09a6-4214-bcb2-317c2a666750","ts":0,"tt":0,"td":0,"nn":"","ks":0,"d":true,"ig":[],"ll":{"w":"world","x":-85.72234816849776,"y":81.18922774830256,"z":89.77462389199955,"pi":-6.473792,"ya":-168.56342},"g":"default"}