{"u":"ed1ed6d8-1285-47fc-a89b-1429ff51394b","ts":0,"tt":0,"td":0,"nn":"","ks":0,"d":true,"ig":[],"ll":{"w":"world","x":-126.00152020571596,"y":40.15771359462892,"z":-0.7786060645028117,"pi":1.5000905,"ya":108.30184},"g":"default"}