{"u":"ed290ca3-de90-4205-a01d-cb9c975bb23d","ts":0,"tt":0,"td":0,"nn":"","ks":0,"d":true,"ig":[],"ll":{"w":"world_nether","x":-59.447819847323615,"y":102.0,"z":-9.330908396075312,"pi":19.745209,"ya":23.80896},"g":"default"}