{"u":"ed4a5fac-110e-45c1-9cb9-74437fc14cd1","ts":219,"tt":8,"td":1,"nn":"","ks":0,"d":false,"ig":[],"ll":{"w":"world","x":-826853.8925482037,"y":70.0,"z":-3394037.958960777,"pi":18.674616,"ya":101.33047},"g":null}