{"u":"edc6b715-9d7d-4bd8-bb7a-46fb676c7e10","ts":0,"tt":0,"td":0,"nn":"","ks":0,"d":false,"ig":null,"ll":{"w":"world","x":-128.25207075263782,"y":70.57612558775381,"z":-90.65064446785844,"pi":76.50005,"ya":94.80018},"g":null}