{"u":"ee11ee92-8148-47e8-b416-72908a6a2275","ts":4,"tt":1,"td":0,"nn":"","ks":0,"d":true,"ig":[],"ll":{"w":"world","x":-2.8193162244057067E7,"y":68.0,"z":1.8137202801342685E7,"pi":18.734253,"ya":-22.765696},"g":null}