{"u":"ee6e6917-2e4a-4f35-9bd3-7ff77020590a","ts":3,"tt":1,"td":0,"nn":"","ks":0,"d":true,"ig":[],"ll":{"w":"world","x":-1143127.2802073264,"y":63.525,"z":1500673.3642578125,"pi":16.200006,"ya":-7.534798},"g":"default"}