{"u":"ee9c7666-a0bf-46df-8a2c-1d0cc44df21c","ts":0,"tt":0,"td":0,"nn":"","ks":0,"d":false,"ig":[],"ll":{"w":"world","x":-92367.44728585698,"y":73.0,"z":50462.36425271964,"pi":11.020261,"ya":-116.90055},"g":null}