{"u":"eec24dd4-d46f-4c06-bf87-bb682227a453","ts":0,"tt":0,"td":0,"nn":"","ks":0,"d":true,"ig":[],"ll":{"w":"world","x":51.26456892343714,"y":32.369941825951344,"z":121.7351431944548,"pi":-68.243454,"ya":-163.49942},"g":"default"}