{"u":"ef40a035-2334-4d26-8074-430577309ce5","ts":0,"tt":0,"td":0,"nn":"","ks":0,"d":true,"ig":[],"ll":{"w":"world","x":-64.5,"y":61.0,"z":30.5,"pi":-24.299965,"ya":-0.14999945},"g":"default"}