{"u":"ef9263e0-e62f-4e32-8325-9ef64d9d96ba","ts":0,"tt":0,"td":0,"nn":"","ks":0,"d":true,"ig":[],"ll":{"w":"world","x":-50.34645653056889,"y":61.0,"z":60.44015561514327,"pi":4.350002,"ya":-78.149994},"g":"default"}