{"u":"efecbf1f-a960-4917-b906-a98c8c55d47c","ts":0,"tt":0,"td":0,"nn":"","ks":0,"d":true,"ig":[],"ll":{"w":"world","x":-28.13277825323346,"y":97.13767141522847,"z":82.13178651704771,"pi":15.149973,"ya":303.29996},"g":"default"}