{"u":"eff08730-3af6-4e9a-b034-dd2f30426926","ts":0,"tt":0,"td":0,"nn":"","ks":0,"d":true,"ig":[],"ll":{"w":"world","x":-187.98079028638196,"y":60.0,"z":11.973983549929866,"pi":68.85016,"ya":17.550072},"g":"default"}