{"u":"f00f6834-45a7-40cb-b583-385f88e7c186","ts":0,"tt":0,"td":0,"nn":"","ks":0,"d":true,"ig":[],"ll":{"w":"world","x":-2.300000011920929,"y":3.0,"z":-38.16111527085444,"pi":35.274643,"ya":-129.03326},"g":"default"}