{"u":"f0a5a2c5-2ecb-4ea2-a9d9-90b143dc0acd","ts":0,"tt":0,"td":0,"nn":"","ks":0,"d":false,"ig":null,"ll":{"w":"world","x":-523.2263905017774,"y":9.650075451275741,"z":-7.90427296482474,"pi":-3.1500509,"ya":88.34903},"g":null}