{"u":"f0a7da57-207f-418f-8c0c-1008d5b0c32d","ts":0,"tt":0,"td":0,"nn":"","ks":0,"d":true,"ig":[],"ll":{"w":"world","x":-78.87392722069126,"y":63.0,"z":89.8047354449312,"pi":89.48355,"ya":27.596016},"g":"default"}