{"u":"f19a4faa-67b9-46a5-ab7e-15b9cf40c06e","ts":0,"tt":0,"td":0,"nn":"","ks":0,"d":true,"ig":[],"ll":{"w":"world","x":-86.40023822400433,"y":150.9215999984741,"z":97.45968639295018,"pi":-18.750046,"ya":-154.49995},"g":"default"}