{"u":"f1c18727-88fb-44ce-809c-f5fa53716e1a","ts":0,"tt":0,"td":0,"nn":"","ks":0,"d":true,"ig":[],"ll":{"w":"world","x":-39.66517915754885,"y":2.0,"z":146.30000001192093,"pi":90.0,"ya":-10.441152},"g":"default"}