{"u":"f286b7a8-bde0-42f3-9b61-3bd0ae353c7a","ts":0,"tt":0,"td":0,"nn":"","ks":0,"d":true,"ig":[],"ll":{"w":"world","x":-75.17894280537497,"y":249.41999998688698,"z":125.69999998807907,"pi":38.686848,"ya":39.894802},"g":"default"}