{"u":"f2d5d95a-112a-4205-bdf3-4abe78a021e9","ts":0,"tt":0,"td":0,"nn":"","ks":0,"d":true,"ig":[],"ll":{"w":"world","x":-71.63726428281166,"y":43.0,"z":67.30000001192093,"pi":-3.2990012,"ya":189.48033},"g":"default"}