{"u":"f2e9adce-2e1e-4cc3-8ecc-88bf7e11a37f","ts":4,"tt":0,"td":0,"nn":"","ks":0,"d":false,"ig":null,"ll":{"w":"world","x":13617.709145422825,"y":74.25220334025373,"z":-146.38965221449877,"pi":4.471906,"ya":-232.78445},"g":null}