{"u":"f2ff80be-80ed-4744-a01f-661a3d62840b","ts":0,"tt":0,"td":0,"nn":"","ks":0,"d":false,"ig":[],"ll":{"w":"world","x":-759242.7784628178,"y":5.0,"z":-109027.42830520507,"pi":18.417984,"ya":296.6792},"g":null}