{"u":"f3611166-e8a6-4123-a9e1-f7cc01463698","ts":0,"tt":0,"td":0,"nn":"","ks":0,"d":false,"ig":null,"ll":{"w":"world","x":1.6999999880790817,"y":59.99,"z":8.300000011920922,"pi":21.600006,"ya":-270.74963},"g":null}