{"u":"f36e229d-b7dd-41f4-af29-00b66fbab54a","ts":0,"tt":0,"td":0,"nn":"","ks":0,"d":true,"ig":[],"ll":{"w":"world","x":1211.0226248664633,"y":82.0,"z":715.7509639397588,"pi":10.563629,"ya":101.97231},"g":"default"}