{"u":"f3dac97e-6ee7-4667-8b9f-537d478d01ee","ts":2,"tt":0,"td":1,"nn":"","ks":0,"d":false,"ig":[],"ll":{"w":"world","x":3502.4471916353996,"y":67.90290000319482,"z":112072.8583555327,"pi":50.217667,"ya":13.834991},"g":null}