{"u":"f3f5e654-f3ad-4fea-a904-9e88c0c4f4a7","ts":0,"tt":0,"td":0,"nn":"","ks":0,"d":true,"ig":[],"ll":{"w":"world","x":3475.268098171673,"y":163.11123298581953,"z":-1697.8724562193995,"pi":26.399996,"ya":132.60002},"g":"default"}