{"u":"f430486e-babd-4025-8b8a-71628bd31860","ts":0,"tt":0,"td":0,"nn":"","ks":0,"d":true,"ig":[],"ll":{"w":"world","x":-56.75670671260783,"y":155.3999999999999,"z":43.188657854811375,"pi":180.79828,"ya":24.577465},"g":"default"}