{"u":"f437ecdc-e00d-48aa-95b7-dac431400bf6","ts":0,"tt":0,"td":0,"nn":"","ks":0,"d":true,"ig":[],"ll":{"w":"world","x":-42.649450303463794,"y":3.0,"z":-24.627858048467594,"pi":90.0,"ya":306.02844},"g":"default"}