{"u":"f43d103c-58c0-4aad-a860-9726b1d27205","ts":6,"tt":1,"td":0,"nn":"","ks":0,"d":true,"ig":[],"ll":{"w":"world","x":-1.6547704439616494E7,"y":59.0,"z":-1036577.324352235,"pi":21.300018,"ya":-358.19983},"g":"default"}