{"u":"f4a602a5-6ecc-46ae-88c0-15316766b856","ts":0,"tt":0,"td":0,"nn":"","ks":0,"d":true,"ig":[],"ll":{"w":"world","x":91.8004168959989,"y":70.11296796522069,"z":107.2434287481755,"pi":17.400002,"ya":-37.8},"g":"default"}