{"u":"f5171d54-ad5a-4330-ae81-9060d9666c44","ts":0,"tt":0,"td":0,"nn":"","ks":0,"d":false,"ig":null,"ll":{"w":"world","x":294423.9757749771,"y":53.0,"z":-186869.23276537072,"pi":11.389722,"ya":-158.20227},"g":null}