{"u":"f52a302f-db25-403f-994f-70a08d3a1dd7","ts":0,"tt":0,"td":0,"nn":"","ks":0,"d":true,"ig":[],"ll":{"w":"world_nether","x":0.6941818246485383,"y":54.0,"z":-506.5516654911363,"pi":-5.056884,"ya":0.4568553},"g":"default"}