{"u":"f5696836-4b2a-452f-af14-50b58d9dd1e7","ts":0,"tt":0,"td":0,"nn":"","ks":0,"d":true,"ig":[],"ll":{"w":"world","x":-105.62733638857188,"y":64.0,"z":3.5712429287461283,"pi":54.231213,"ya":25.063515},"g":"default"}