{"u":"f5871792-3cbd-4ff3-974c-6479aa86f251","ts":0,"tt":0,"td":0,"nn":"","ks":0,"d":true,"ig":[],"ll":{"w":"world","x":-624907.4901446743,"y":77.0,"z":-1074009.67217488,"pi":42.384377,"ya":2.0724182},"g":"default"}