{"u":"f5ac08df-371e-42f4-aa88-0b27d65f4981","ts":0,"tt":0,"td":0,"nn":"","ks":0,"ig":[],"ll":{"w":"world","x":-108.70603307647733,"y":63.0,"z":34.445667264784475,"pi":23.999994,"ya":112.64995},"g":"default"}