{"u":"f5d8db5b-ec04-4c76-bbc3-cad23918f489","ts":0,"tt":0,"td":0,"nn":"","ks":0,"d":true,"ig":[],"ll":{"w":"world","x":-15.028468823118287,"y":113.24549931711888,"z":247.5860857483331,"pi":-196.6148,"ya":60.657436},"g":"default"}