{"u":"f5e4c66c-2d89-4749-bdb1-45b8203247a6","ts":0,"tt":0,"td":0,"nn":"","ks":0,"d":true,"ig":[],"ll":{"w":"world","x":-58.1950024011918,"y":66.68768053499622,"z":66.59033331505997,"pi":0.31763718,"ya":197.24997},"g":"default"}