{"u":"f5e5e934-0b2b-44d8-b7c4-75bc63577ae5","ts":0,"tt":0,"td":0,"nn":"","ks":0,"d":true,"ig":[],"ll":{"w":"world","x":-59.699999988079064,"y":58.0,"z":84.1640882293274,"pi":14.141359,"ya":-214.05003},"g":"default"}