{"u":"f71c072a-0346-46d8-b430-29df3c8a24d0","ts":0,"tt":0,"td":0,"nn":"","ks":0,"d":false,"ig":null,"ll":{"w":"world","x":94.80449265628222,"y":53.206146750611126,"z":85.39952893884899,"pi":6.3255787,"ya":164.31248},"g":null}