{"u":"f945beb1-b263-4b74-9964-adda818eb04a","ts":0,"tt":0,"td":0,"nn":"","ks":0,"d":true,"ig":[],"ll":{"w":"world","x":-64.5,"y":59.0,"z":85.58090434455305,"pi":36.299988,"ya":-1.0499997},"g":"default"}