{"u":"f95e3721-22b3-465e-bca3-3da65c97b6ac","ts":0,"tt":0,"td":0,"nn":"","ks":0,"d":true,"ig":[],"ll":{"w":"world","x":-92.5,"y":68.0999984741211,"z":39.5,"pi":-3.7289011,"ya":104.20225},"g":"default"}