{"u":"fa3dcc30-5079-4987-93a0-376ec0a3fd5e","ts":0,"tt":0,"td":0,"nn":"","ks":0,"d":true,"ig":[],"ll":{"w":"world","x":-61.376744776351515,"y":58.98,"z":78.38430041410362,"pi":37.312206,"ya":-137.4},"g":"default"}