{"u":"fb1f7227-fac0-4b97-9591-a697c71cf98a","ts":8,"tt":0,"td":0,"nn":"","ks":0,"d":false,"ig":null,"ll":{"w":"world_the_end","x":94293.98251542979,"y":61.0,"z":2101069.116042318,"pi":32.50655,"ya":-319.57605},"g":null}