{"u":"fb7ee524-78c9-4a6c-8047-8d4945f8ee93","ts":0,"tt":0,"td":0,"nn":"","ks":0,"d":false,"ig":null,"ll":{"w":"world","x":-44.43677685121228,"y":65.0,"z":72.08084562198995,"pi":19.649984,"ya":-78.7499},"g":null}