{"u":"fb898c64-6f0d-4ed2-bf7c-9660a224a419","ts":0,"tt":0,"td":0,"nn":"","ks":0,"d":true,"ig":[],"ll":{"w":"world","x":-75.68462567613372,"y":46.0,"z":-59.671739451830426,"pi":46.79999,"ya":192.44995},"g":"default"}