{"u":"fb9e5ac9-519c-4d5e-9efe-25436e7fafc3","ts":0,"tt":0,"td":0,"nn":"","ks":0,"d":true,"ig":[],"ll":{"w":"world","x":-22.885856317773502,"y":5.0,"z":-8.585898399759984,"pi":-3.267335,"ya":134.86351},"g":"default"}