{"u":"fbca6283-a2c8-44d2-9aaa-53aa742b6fd3","ts":0,"tt":0,"td":0,"nn":"","ks":0,"d":true,"ig":[],"ll":{"w":"world","x":-204.3852681276968,"y":3.0,"z":3.28212480482208,"pi":-5.850006,"ya":-71.85012},"g":"default"}