{"u":"fc7ebd23-121c-42df-a361-4e2c97e6dbe4","ts":0,"tt":0,"td":0,"nn":"","ks":0,"d":true,"ig":[],"ll":{"w":"world","x":1082.4721922860163,"y":65.0,"z":401.30000001192093,"pi":49.11896,"ya":-186.57104},"g":"default"}