{"u":"fcc261f6-0cbe-4cb5-9f7f-c76360ed3f86","ts":0,"tt":0,"td":0,"nn":"","ks":0,"d":true,"ig":[],"ll":{"w":"world","x":-138.78040682727337,"y":72.51301154573952,"z":-92.5214197746547,"pi":14.8499565,"ya":187.80078},"g":"default"}