{"u":"fcd447f0-2f4e-4ef4-94eb-275dec72637c","ts":0,"tt":0,"td":0,"nn":"","ks":0,"d":true,"ig":[],"ll":{"w":"world","x":56.660598540849676,"y":254.1600000476837,"z":-114.48472880667381,"pi":20.08035,"ya":8.721456},"g":"default"}