{"u":"fcd7a189-03b5-4863-b5bf-5dfcd9bbe60f","ts":0,"tt":0,"td":0,"nn":"","ks":0,"d":false,"ig":[],"ll":{"w":"world","x":-1572.300000011921,"y":58.0,"z":995.3000000119209,"pi":16.96183,"ya":259.72006},"g":null}