{"u":"fcf45c32-254a-4de6-9469-5d1877862e1e","ts":0,"tt":0,"td":0,"nn":"","ks":0,"d":true,"ig":[],"ll":{"w":"world","x":53.69999998807907,"y":63.0,"z":79.30000001192093,"pi":43.76981,"ya":-317.5661},"g":"default"}