{"u":"fd2feb3b-ccac-45b2-9972-196248c3db20","ts":0,"tt":0,"td":0,"nn":"","ks":0,"d":true,"ig":[],"ll":{"w":"world_nether","x":43.07632256079256,"y":30.0,"z":135.33756792830965,"pi":21.749855,"ya":-65.400085},"g":"default"}