{"u":"fd46cff2-ee88-466c-93b7-a4fb5b6cbf75","ts":0,"tt":0,"td":0,"nn":"","ks":0,"d":true,"ig":[],"ll":{"w":"world","x":67.54051526216057,"y":61.39057531604834,"z":133.84552007301465,"pi":10.348798,"ya":90.0},"g":"default"}