{"u":"fd90611d-2e79-42fc-ae5b-9c43f85495d7","ts":0,"tt":0,"td":0,"nn":"","ks":0,"d":true,"ig":[],"ll":{"w":"world","x":-25.999048534396323,"y":95.06933261005719,"z":63.79399610388265,"pi":19.149843,"ya":77.05252},"g":"default"}