{"u":"fe550905-6149-44fe-94c1-bfefcc103440","ts":0,"tt":0,"td":0,"nn":"","ks":0,"d":true,"ig":[],"ll":{"w":"world","x":102.46100629986009,"y":61.99,"z":75.85314083833245,"pi":12.9943285,"ya":270.65143},"g":"default"}